cyclone_name,type,year,reef_name,reef_id,year_before,year_after,cover_before_Tabular_Acropora,cover_after_Tabular_Acropora,cover_before_Corymbose_Acropora,cover_after_Corymbose_Acropora,cover_before_Corymbose_non_Acropora,cover_after_Corymbose_non_Acropora,cover_before_Small_Massives,cover_after_Small_Massives,cover_before_Large_Massives,cover_after_Large_Massives
Olga,s,2010.0630136986301,Agincourt Reef No.1,15099103104,2010,2011,0.06599176832419593,0.05818131306147652,0.12627621918724424,0.10815349244455888,0.08546590662169073,0.05637557683315861,0.026047801315026424,0.021964968517109593,0.01604625993330616,0.010180142030252656
Yasi,s,2011.0876712328768,Agincourt Reef No.1,15099103104,2011,2012,0.05818131306147652,0.00594571062670965,0.10815349244455888,0.046511433565614664,0.05637557683315861,0.014720826505974465,0.021964968517109593,0.025054400101773185,0.010180142030252656,0.010826064337363833
Yasi,s,2011.0876712328768,Arlington Reef,16064100104,2010,2012,0.035271458271624326,0.014769791496974468,0.05420992665659985,0.029006071012898864,0.044169769757420894,0.030936196228574245,0.048071256130506265,0.04290307680755761,0.016236995275877953,0.019485935023466003
Hamish,s,2009.1808219178083,Boult Reef,23079100104,2008,2010,0.2411771240612001,0.0071725100847068075,0.2554268337906608,0.031725728104713094,0.0070576199718225775,0.003312532423424807,0.004438192293776931,0.01275661533899225,0.0017742474484581374,0.0014719624425415876
unknown storm,s,2008.4136986301369,Broomfield Reef,23048100104,2008,2009,0.1726866490751518,0.0332294753599794,0.22408595148615362,0.07243909976779551,0.008723057064732169,0.0047970909740538345,0.020318205156318353,0.01451562444612798,0.00766664612956552,0.004323612501101162
Hamish,s,2009.0,Broomfield Reef,23048100104,2009,2010,0.0332294753599794,0.017260881817798498,0.07243909976779551,0.06022170612431445,0.0047970909740538345,0.0021212536018775227,0.01451562444612798,0.02293710023741514,0.004323612501101162,0.008296994709704946
Jasmine,s,2012.0876712328768,Carter Reef,14137100104,2011,2013,0.09065016666422819,0.038419587591324064,0.15605557145607687,0.09800410649086708,0.10619459206678074,0.08838161716736465,0.031108627131105286,0.03713476135893163,0.02030776206954702,0.024085974657145993
Ita,s,2014.0,Carter Reef,14137100104,2013,2015,0.038419587591324064,0.03234714143567382,0.09800410649086708,0.08747700205421624,0.08838161716736465,0.07139366036261631,0.03713476135893163,0.030748608523292684,0.024085974657145993,0.015672373307340334
Nathan,m,2016.0849315068492,Carter Reef,14137100104,2015,2017,0.03234714143567382,0.0009386009573592876,0.08747700205421624,0.010211570819403253,0.07139366036261631,0.04230712424821868,0.030748608523292684,0.015143974194553775,0.015672373307340334,0.0051532756740864105
Yasi,s,2011.0876712328768,Chicken Reef,18086100104,2010,2011,0.009732482309977728,0.001929747525673462,0.010549943029550212,0.004077672338763364,0.028067559917868898,0.005480070734638947,0.0419563311675793,0.02427403228556781,0.03952904310347056,0.021970730552652935
Hamish,s,2009.18,Chinaman Reef (22-102),22102100104,2010,2011,0.03570040508489616,0.022742969258502586,0.04911459090711276,0.03288960426305701,0.04455937162577162,0.04266068394680141,0.07580297739611346,0.059250792618349354,0.07445073695582007,0.06417998830477233
unknown,c,2017.0,Chinaman Reef (22-102),22102100104,2016,2018,0.06138925642017825,0.035310212515176985,0.0890991325143987,0.04413101728045351,0.06216659383053186,0.045618660729975724,0.09362317000903751,0.051856881687740185,0.06275893999254646,0.06976637045350327
unknown,c,2018.0,Chinaman Reef (22-102),22102100104,2018,2019,0.035310212515176985,0.007568110981629481,0.04413101728045351,0.01005051300257175,0.045618660729975724,0.03048901922698264,0.051856881687740185,0.02886168198622504,0.06976637045350327,0.05979899315326809
unknown,c,2019.0,Chinaman Reef (22-102),22102100104,2019,2020,0.007568110981629481,0.0070429853407854145,0.01005051300257175,0.012719580730015055,0.03048901922698264,0.025672442520861635,0.02886168198622504,0.03158674985344248,0.05979899315326809,0.057284523428060403
Yasi,s,2011.0876712328768,Davies Reef,18096100104,2009,2011,0.03293447426783044,0.006082427639407713,0.05058701815914363,0.02358234783646482,0.05150660717200995,0.017486190362315582,0.08762486288294322,0.07359880946181795,0.0563291961780217,0.043701593390731805
Yasi,s,2011.0876712328768,Dip Reef,18039100104,2009,2011,0.016259908341030825,0.0006990856404632043,0.07670611109427408,0.0424978715161969,0.029759476371799886,0.004290471432216348,0.03430892201870534,0.019908032089003363,0.029033391225060892,0.016083200568629524
Hamish,s,2009.1808219178083,Erskine Island,23068100104,2008,2010,0.096858317878579,0.10316345664587208,0.10733524662905192,0.12677045939948292,0.015114728528968651,0.005786554744926216,0.021720394832083163,0.03913717969914762,0.0,0.0
unknown,m,2020.0849315068492,Erskine Island,23068100104,2018,2020,0.10101467260011487,0.09865174945117709,0.13517596168731374,0.15527538598741786,0.00705205801709188,0.010207999332643911,0.020854304071235952,0.0247905677159907,0.0,0.0
unknown,m,2008.0,Fairfax Island,23081100104,2006,2008,0.3546681080394763,0.29449084307659423,0.3664438173111008,0.2996656745917088,0.004498312979949338,0.006177407394641435,0.01063094847264951,0.007244715147097109,0.0,0.0017299125946087974
Hamish,s,2009.1808219178083,Fairfax Island,23081100104,2008,2010,0.29449084307659423,0.07475951395007709,0.2996656745917088,0.08836063164995514,0.006177407394641435,0.00294144100965226,0.007244715147097109,0.009095797379199622,0.0017299125946087974,0.0023638162312986377
unknown,c,2012.0,Fairfax Island,23081100104,2010,2012,0.07475951395007709,0.045722252282775766,0.08836063164995514,0.05208554752347675,0.00294144100965226,0.0004685789919003873,0.009095797379199622,0.005258431791526107,0.0023638162312986377,0.0041992681482471645
unknown,c,2014.0,Fairfax Island,23081100104,2012,2014,0.045722252282775766,0.061879069996852554,0.05208554752347675,0.0651784103372606,0.0004685789919003873,0.0010712421529562263,0.005258431791526107,0.005637274214523878,0.0041992681482471645,0.004218850492099823
Yasi,s,2011.0,Farquharson Reef,17063101104,2010,2012,0.007562182831534425,0.005657832413469589,0.007562182831534425,0.005657832413469589,0.007679480501452571,0.007929638531694974,0.02320260751275973,0.029194149596524506,0.02189226374725972,0.01862443729572723
unknown,c,2018.0,Farquharson Reef,17063101104,2016,2018,0.0639424218729091,0.01341117834584771,0.0639424218729091,0.01341117834584771,0.0366144462694542,0.0023978675604957186,0.06276723358584353,0.02634193969486426,0.03245449946602742,0.01027563918470794
Tasha,s,2010.978082191781,Fitzroy Island,16054101104,2009,2011,0.031823740711189076,0.03513852649877715,0.04890576405521159,0.07781531061405991,0.004096850558119237,0.011278765575927963,0.02035278436825478,0.03138706946391223,0.05200770406796982,0.06405040137860914
unknown,c,2015.0,Fitzroy Island,16054101104,2013,2015,0.01025377559795505,0.012038461427866251,0.028927440348678203,0.026805450019044375,0.002306056076551448,0.0029107333764689146,0.020778772365651572,0.014382300615091364,0.04947425825662996,0.04666798807220723
Yasi,s,2011.0876712328768,Fork Reef,18083100104,2010,2012,0.02629356825256847,0.0010619748520208922,0.04345342317547789,0.007454342029305662,0.030503460453897322,0.0035675076920671216,0.032853328459022405,0.02126675086068389,0.015758574648027334,0.00700140403868048
Hamish,s,2009.1808219178083,Gannet Cay,21556100104,2009,2011,0.06589939102513535,0.005771417695124621,0.0773294444354117,0.008789702791075627,0.05715643224227185,0.004979428150403676,0.056422029802769245,0.01770248631726154,0.046133034354418845,0.018489228015985765
unknown,c,2019.0,Gannet Cay,21556100104,2017,2019,0.06979201171169433,0.04070333124269346,0.08062694367816906,0.05089082155604803,0.04523722496367136,0.029872763123775334,0.066391145865135,0.05057128873922645,0.040681766814489546,0.047548858625417176
unknown,c,2021.0,Gannet Cay,21556100104,2019,2021,0.04070333124269346,0.00232915345517565,0.05089082155604803,0.005397011897596744,0.029872763123775334,0.001138440197074523,0.05057128873922645,0.026190082379957645,0.047548858625417176,0.055616762776556423
unknown,c,2013.0,Green Island,16049100104,2011,2013,0.021222043012255845,0.0010893905954572518,0.040100315418924365,0.0032725883133077963,0.0,0.0,0.02057973436844157,0.014249777352779724,0.04406958870045434,0.06241972897931527
Yasi,s,2011.0876712328768,Grub Reef (18-077),18077100104,2010,2012,0.01026744985080489,0.0014364364618316343,0.015914206049808022,0.007347938011726252,0.022513327781664563,0.0034160432264761335,0.04266278004355279,0.01922682739508196,0.022020471693007228,0.013609701585221443
Yasi,s,2011.0876712328768,Hedley Reef,17014100104,2010,2012,0.05638020510057805,0.012041260123832085,0.07702541886190443,0.021383109660589067,0.030428235675899477,0.01944586344620932,0.01744141375183562,0.01344475103083639,0.02982972010553778,0.01765550101219876
unknown,c,2008.0,Helix Reef,18076100104,2006,2008,0.06942482862909159,0.02981764906756931,0.08444967471669838,0.036904060189926584,0.03242783749016729,0.03000258657199614,0.01931482151602876,0.03135008797311742,0.013408317909683951,0.014390356909709913
Yasi,s,2011.0876712328768,Helix Reef,18076100104,2010,2012,0.04002167535733607,0.003218046870005329,0.05497734812084219,0.01591260963171109,0.03995893781129044,0.014911146666475118,0.03792546450392059,0.02499431299402644,0.014960504767533326,0.01309757047798376
unknown,c,2019.0,Horseshoe Reef,22104101104,2017,2019,0.13448068107115593,0.0005677731479342488,0.19373300830269452,0.006016421222816794,0.055226970768497675,0.0084254550635201,0.03809741405235195,0.007609065793478204,0.050688408099357776,0.029106413936479707
unknown,m,2008.0,Hoskyn Island,23080100104,2008,2010,0.3256012536821926,0.18043735763262056,0.34987537732418855,0.2141345429330595,0.005957846597891009,0.004749510100967304,0.02346461467925733,0.02642450966670734,0.0007862403907792574,0.002215564832438194
Hamish,s,2009.18,Hoskyn Island,23080100104,2008,2010,0.18043735763262056,0.03527346158304849,0.2141345429330595,0.07839370854193042,0.004749510100967304,0.0035411736040435993,0.02642450966670734,0.029384404654157356,0.002215564832438194,0.003644889274097131
Hamish,s,2009.1808219178083,Hyde Reef,19207100104,2007,2009,0.01641566867095905,0.0012997375526501056,0.019960577534483832,0.0060371064319613005,0.014207921409091244,0.009413033026012721,0.047848734617764205,0.026456201544138563,0.04712236757437249,0.031060070705123986
Ului,s,2010.0,Hyde Reef,19207100104,2009,2011,0.0012997375526501056,0.0010102058655250947,0.0060371064319613005,0.009271386853830159,0.009413033026012721,0.0007712127584917449,0.026456201544138563,0.019528219874756277,0.031060070705123986,0.01262178855330668
unknown,c,2018.0,Jenkins Reef,21584100104,2016,2018,0.24064377085573865,0.003155573102273987,0.2816130747284829,0.003955710148280964,0.02664226274505429,0.0011241408702116703,0.06193812471159314,0.000810459937263829,0.04776248931316463,0.015883209930088047
unknown,c,2019.0,John Brewer Reef,18075100104,2017,2020,0.09330899628559099,0.02613497646681301,0.10617735023620575,0.026605622303809046,0.024644812043264613,0.02227672417571311,0.01088915815199032,0.004292506429774785,0.00740149665053061,0.006233411017422654
Yasi,s,2011.0876712328768,Knife Reef,18081100104,2010,2012,0.028866468254106447,0.0019022214514440043,0.05581968589755791,0.015564280730315991,0.04242952252815667,0.0063137402427702344,0.053052743666059284,0.03052093947111053,0.03585545756324184,0.018781121028740452
unknown,m,2008.0,Lady Musgrave Island,23082101104,2008,2009,0.37320032267517006,0.0397518317868632,0.37476700926501605,0.04454611318412469,0.0049869198855306595,0.0011443945460837175,0.003637895391601812,0.00645381113701589,0.0008932117244973516,0.0038182452332185457
Hamish,s,2009.1808219178083,Lady Musgrave Island,23082101104,2009,2010,0.0397518317868632,0.001578196977988418,0.04454611318412469,0.004417611984997953,0.0011443945460837175,0.0,0.00645381113701589,0.00250895106597874,0.0038182452332185457,0.0008057827925757294
unknown,c,2013.0,Linnet Reef,14126100104,2011,2013,0.07071709210436146,0.0360867756178431,0.11542867063759729,0.0624340342195336,0.07470955737418067,0.058074212564372465,0.15316139291934802,0.1526502698311933,0.05790430036826912,0.04924251926823974
Nathan,s,2015.2109589041097,Linnet Reef,14126100104,2013,2015,0.0360867756178431,0.0,0.0624340342195336,0.0011604650059777709,0.058074212564372465,0.001496316645205251,0.1526502698311933,0.012933705578602748,0.04924251926823974,0.016069401586810698
Yasi,s,2011.0,Little Kelso Reef,18031100104,2010,2012,0.03287563082458328,0.009048336732076135,0.06014372953493782,0.035044776330519285,0.016754487862381512,0.009335887395990982,0.024421017623630654,0.020700219464901033,0.01484313180609473,0.015675884624038957
unknown,c,2015.0,Macgillivray Reef,14114100104,2013,2015,0.007230205806275602,0.000710614026739763,0.007230205806275602,0.000710614026739763,0.018162155429670108,0.004706445867571494,0.04461238635468564,0.018165321690895065,0.1567897469561774,0.06730705066189681
unknown,m,2016.08,Macgillivray Reef,14114100104,2015,2017,0.000710614026739763,0.0010505052849277758,0.000710614026739763,0.0010505052849277758,0.004706445867571494,0.002451463985100202,0.018165321690895065,0.02085809707630432,0.06730705066189681,0.07436250323118931
unknown,c,2015.0,Mackay Reef,16015100104,2013,2015,0.011734740094293919,0.0005676567727861246,0.030997106702134763,0.02767399070662022,0.036949826094934385,0.011273461180535958,0.13536235540905142,0.060900177290521836,0.022422789991462265,0.013264191682171788
unknown,c,2013.0,Martin Reef,14123100104,2013,2015,0.02771616980177242,0.0005548730666597317,0.02771616980177242,0.0005548730666597317,0.05729424849827031,0.0011410422455175795,0.049944490498237015,0.00842050467374134,0.09144592351612948,0.05826261414238856
unknown,m,2016.0849315068492,Martin Reef,14123100104,2015,2017,0.0005548730666597317,0.00026255849984608784,0.0005548730666597317,0.00026255849984608784,0.0011410422455175795,0.0008104524315635783,0.00842050467374134,0.005164805171189483,0.05826261414238856,0.035857596347154595
Yasi,s,2011.0876712328768,Michaelmas Cay,16060100104,2009,2011,0.04437359834752152,0.010611252359174263,0.057887318068206774,0.01973593163193317,0.03898037090828711,0.024711450388560156,0.04188951988043694,0.03760573196101293,0.01594092851529599,0.020140996627222626
unknown,c,2017.0,Michaelmas Cay,16060100104,2017,2019,0.04990945323923777,0.004127083097301054,0.06747530834187611,0.006213600228903247,0.029626712779651763,0.020896443161557234,0.024653914542005516,0.029575112475143956,0.007524524897700679,0.0072558761170668186
Yasi,s,2011.0876712328768,Moore Reef,16071100104,2010,2012,0.061165216219068466,0.008776129651166932,0.1147369737914404,0.05270270380064407,0.02719704677639393,0.022180002007807544,0.06277594928404713,0.056704749672608745,0.024495624646157725,0.02020449261831504
Yasi,s,2011.0876712328768,Myrmidon Reef,18034100104,2009,2011,0.015327722489894335,0.0029151189325694947,0.041214358093080605,0.024883145055998562,0.025975009970847434,0.005507270361801151,0.0660609754514281,0.057003391215659754,0.0371675126962759,0.032713832828229525
Ita,s,2014.2739726027398,No Name Reef,14139100104,2013,2015,0.05076219824941252,0.019307347048908984,0.09598185562204842,0.05956894804302512,0.059539476216925784,0.04948866839313438,0.035949776369900016,0.027921814636393403,0.0360231327479538,0.01772090501393763
unknown,m,2016.0849315068492,No Name Reef,14139100104,2015,2017,0.019307347048908984,0.006222925665083126,0.05956894804302512,0.018375210924381394,0.04948866839313438,0.03072124253416804,0.027921814636393403,0.020277049501265118,0.01772090501393763,0.00976754788638386
Hamish,s,2009.18,North Island,23045101104,2008,2010,0.13640825324091743,0.0015543888446095573,0.24919157523878943,0.0414651488368938,0.007370128729691141,0.000494802713858356,0.020206171766397996,0.00877451808500649,0.01925660389803676,0.01003693789779182
unknown,c,2011.0,North Direction Island,14143100104,2009,2011,0.030408381335869834,0.040277298333449375,0.030408381335869834,0.040277298333449375,0.03351626704475753,0.028928373169704976,0.1293444895656915,0.14470103182704663,0.03933561958240679,0.051331383685107417
Ita,s,2014.27,North Direction Island,14143100104,2013,2015,0.042146787817603566,0.0018890864215890919,0.042146787817603566,0.0018890864215890919,0.02944752922057736,0.006691600504268719,0.15486169945833997,0.032956032243097594,0.05561831169402208,0.024691868605261888
Nathan,s,2015.0,North Direction Island,14143100104,2015,2017,0.0018890864215890919,0.0004291563835931946,0.0018890864215890919,0.0004291563835931946,0.006691600504268719,0.0037409578018122607,0.032956032243097594,0.013425653164871694,0.024691868605261888,0.007690547927216837
unknown,m,2008.0,One Tree Island,23055101104,2007,2009,0.3087467012985266,0.09150954956349182,0.3122393752781722,0.09826409872083555,0.003838230892153412,0.0005089991894972736,0.009782242591626559,0.01525794336191523,0.0014857761779306284,0.0037926526740424734
Hamish,s,2009.1835616438357,One Tree Island,23055101104,2009,2011,0.09150954956349182,0.0005526612435673337,0.09826409872083555,0.004728427115782597,0.0005089991894972736,0.0,0.01525794336191523,0.011500721410148481,0.0037926526740424734,0.004503868528047379
Yasi,s,2011.0876712328768,Peart Reef,17024100104,2010,2012,0.06849560225827196,0.03617010228917881,0.08228568859844848,0.056802405581158205,0.0458706062184992,0.042172591445144354,0.0658521455551074,0.08695750737778474,0.033856043521887855,0.03397008156660135
unknown,c,2016.0,Peart Reef,17024100104,2014,2016,0.06522499793078555,0.08189923819157113,0.08930391326637203,0.10686159731088975,0.08359563738265247,0.0778179548616902,0.0977016907453967,0.09042545564321472,0.03725774036288967,0.020493346032154348
unknown,c,2018.0,Peart Reef,17024100104,2016,2018,0.08189923819157113,0.012292189743720275,0.10686159731088975,0.015032946884214053,0.0778179548616902,0.004121022222144619,0.09042545564321472,0.044613914310004374,0.020493346032154348,0.01066955865846933
Hamish,s,2009.1808219178083,Pompey Reef No.1,20351101104,2008,2010,0.05160547584868228,0.026830790123490662,0.09085891122149431,0.06768950923021794,0.024126041808809253,0.01701322013398439,0.11435259211859553,0.08771035547764675,0.08168809686116592,0.091989180884261
Marcia,s,2015.1342465753426,Pompey Reef No.1,20351101104,2014,2016,0.03504858526970726,0.021488981781979756,0.09634418282667304,0.09459070490971491,0.03703492743018725,0.01924368294676321,0.10015120522966518,0.057962012259265,0.07802375687882256,0.034474192981044025
Hamish,s,2009.1808219178083,Pompey Reef No.2,20351102104,2008,2010,0.053916713344756534,0.010727973571643635,0.104248505038398,0.05699267375673705,0.03482653221042046,0.012325615199039169,0.05955519498162565,0.04350980460651897,0.03717289198670594,0.030617673341887176
Marcia,s,2015.1342465753426,Pompey Reef No.2,20351102104,2014,2016,0.02753345895160916,0.0020124350661033506,0.07810154463613479,0.021412890837609236,0.0348838714107338,0.002143293048319822,0.05980043146926379,0.04986573016537556,0.03515879202193799,0.04250178384474492
Hamish,s,2009.0,Rebe Reef,19209100104,2007,2009,0.012506405299891266,0.001787489817370611,0.02096199781474773,0.009120251117217698,0.028872166173902945,0.004696199234415804,0.031086452751389305,0.015174041896027727,0.053291519999190864,0.04275589759516358
Ului,s,2010.213698630137,Rebe Reef,19209100104,2009,2011,0.001787489817370611,0.0,0.009120251117217698,0.0010515016750246458,0.004696199234415804,0.0004770630158254041,0.015174041896027727,0.010204652571335465,0.04275589759516358,0.00960479876293793
Hamish,s,2009.1808219178083,Reef 19-131,19131101104,2009,2011,0.03698581357181105,0.031759114103593715,0.12578709399910798,0.13449462881514287,0.020767275782465393,0.02515024442727496,0.18890359148382013,0.16537112669210158,0.03845736452379913,0.035129369181547215
Debbie,s,2017.2356164383561,Reef 19-131,19131101104,2017,2019,0.0674239167361475,0.02140766731615542,0.19399894319712424,0.12746554972853338,0.03675630442755756,0.03240991557334087,0.17927855198412154,0.17515498718060257,0.04377578771881469,0.03247428036714497
Ului,s,2010.213698630137,Reef 19-138,19138100104,2009,2011,0.06422387378979189,0.015215972628723992,0.11544919965968414,0.08336755795401057,0.03452290500852241,0.024262584846306137,0.08100106222634632,0.08906324162261717,0.0355722658119512,0.042342534532734455
Debbie,s,2017.2356164383561,Reef 19-138,19138100104,2017,2019,0.06873360837893892,0.013231874757782987,0.1560003315681588,0.10477914836886798,0.08557731393961543,0.04450613555241899,0.11327057372892908,0.10538748908528899,0.04059474721218234,0.0345370913683354
Hamish,s,2009.1808219178083,Reef 20-104,20104100104,2009,2011,0.01189465555851566,0.005859415026401381,0.11408644528343963,0.0922582530485393,0.024723398721075585,0.012306125676952787,0.08382884160699738,0.08559612601728876,0.0340918488110393,0.04591500171790267
unknown,s,2011.0,Reef 20-104,20104100104,2011,2013,0.005859415026401381,0.024319557884054203,0.0922582530485393,0.1190755326311139,0.012306125676952787,0.03325151054449889,0.08559612601728876,0.08937402804469957,0.04591500171790267,0.04675462299339201
Debbie,s,2017.2356164383561,Reef 20-104,20104100104,2017,2021,0.0963958302409089,0.050344586003090316,0.2135244214716352,0.16208470536045677,0.0677579778108882,0.0593663533427561,0.10279659411165565,0.10509650028821405,0.05148377714440837,0.04408648311266325
Hamish,s,2009.1808219178083,Reef 20-348,20348100104,2008,2010,0.018455437492757923,0.007932961644062623,0.03139801981938589,0.013762546372361628,0.005918707691182469,0.008616401213264705,0.06899912916250797,0.055436738850203185,0.020153126322337594,0.01795445775264998
Hamish,s,2009.1808219178083,Reef 20-353,20353100104,2008,2010,0.031824722631832766,0.001226056387527459,0.12934483717692935,0.029662131544468964,0.0319218259177991,0.003685190570646805,0.11471372549512722,0.02702969743443408,0.0249867326196771,0.027538896615859138
unknown,m,2010.0,Reef 21-060,21060100104,2008,2010,0.047817624250036016,0.0032280414851062833,0.13502932345588284,0.012872999757372706,0.024923212530750947,0.0023711499971646394,0.040753857356219586,0.01477776084623167,0.018913266692613704,0.006372698330795845
unknown,c,2014.0,Reef 21-060,21060100104,2014,2016,0.0027458754274465144,0.001804897362620332,0.007550693349923018,0.005007061507433656,0.0035841370551018843,0.0010900661759523727,0.008780751739922737,0.007577647713743514,0.013441512383860259,0.008213645372084386
unknown,m,2014.0,Reef 21-062,21062100104,2010,2014,0.009907676537365904,0.0016707394598095204,0.06588729808880717,0.013067240122393863,0.0,0.0,0.1559781974179959,0.07821047798811079,0.020534236148836902,0.014925442789735063
unknown,c,2016.0,Reef 21-062,21062100104,2014,2016,0.0016707394598095204,0.0,0.013067240122393863,0.00441278100559718,0.0,0.0,0.07821047798811079,0.02301065777446891,0.014925442789735063,0.012302462686341794
Hamish,s,2009.1808219178083,Reef 21-064,21064100104,2008,2010,0.04114117650225473,0.006987074478051889,0.08913097629975435,0.021749579928646713,0.018638644935576966,0.003340788244589417,0.11956965774447742,0.07743205044330136,0.03213414515940959,0.015403789470651186
unknown,c,2014.0,Reef 21-064,21064100104,2010,2014,0.006987074478051889,0.0021700680448140178,0.021749579928646713,0.007504079205081303,0.003340788244589417,0.0023281715301336344,0.07743205044330136,0.0556020898406797,0.015403789470651186,0.017761549954432472
unknown,c,2018.0,Reef 21-064,21064100104,2016,2018,0.0016770393011292979,0.0,0.007316751375409255,0.0020278812130197464,0.002052047262567755,0.0007262409766671007,0.038730663087468135,0.01945872632960393,0.025528024750701622,0.01772399508411178
Hamish,s,2009.1808219178083,Reef 21-139,21139100104,2008,2010,0.013900453500372962,0.004954436756865465,0.03975513464424267,0.029198956422035297,0.0073505261317147064,0.006532436218287386,0.042356435971249155,0.04526521095391229,0.07799611851361461,0.05973764197652405
Hamish,s,2009.1808219178083,Reef 21-187,21187100104,2008,2010,0.04481654689666803,0.008815398294967667,0.0570386534920076,0.02371578638165183,0.04174249504772324,0.009736439464328785,0.09983356727462224,0.06300817020015714,0.05792653503864769,0.022162056638414102
Hamish,s,2009.1808219178083,Reef 21-245,21245100104,2008,2010,0.03917852775636565,0.011698905965216685,0.0879703475550424,0.04260637753947921,0.04768742434738457,0.01507463876537937,0.06393266004000638,0.03498250857298495,0.05438971070975556,0.03374139630984966
Edna,s,2014.0849315068492,Reef 21-296,21296100104,2014,2016,0.058371443680108485,0.058755069807789904,0.11535882030367334,0.10913617952403394,0.03408354010913091,0.03232911620460525,0.0306461776821527,0.028883813836856113,0.03471172051149876,0.034762752977674075
Hamish,s,2009.1808219178083,Reef 21-529,21529100104,2009,2011,0.1076022224795763,0.0005587133409814175,0.15862521440215185,0.0013422539695366437,0.029933365714751546,0.0,0.026271721149992107,0.002878248539009194,0.054008068822960435,0.005796067365724969
Hamish,s,2009.1808219178083,Reef 21-550,21550100104,2008,2010,0.09191464701083342,0.000762792959679181,0.3130412760832144,0.01754367581546982,0.021846651245758377,0.0004945021579970643,0.08136556212718249,0.012044338039152506,0.019088552619005987,0.0014791179766342828
Hamish,s,2009.1808219178083,Reef 21-558,21558100104,2008,2010,0.011978784561315943,0.009551305018887134,0.026456970239197165,0.01889132102849216,0.03332874531613935,0.02920124712091915,0.018291500236694413,0.029342044941788385,0.04451966834579992,0.0561132342869023
Edna,s,2014.0849315068492,Reef 21-558,21558100104,2012,2014,0.0030959257571207934,0.003958537957149889,0.01601912205924252,0.02036214456706386,0.01932176897301401,0.022513800664647473,0.030324199770746428,0.03326331083673153,0.04141509189621498,0.04373243210061344
unknown,c,2022.0,Reef 21-558,21558100104,2018,2022,0.006755231228759423,0.011752753578857855,0.019717466952996948,0.03347779266477857,0.03672025793672079,0.020807248105767083,0.030952130813075785,0.01939050322888782,0.043428681086517464,0.035588518192992295
unknown,m,2010.0,Reef 21-591,21591100104,2008,2010,0.05874806085503365,0.03508800667039692,0.06789787924935332,0.050069157808227585,0.013740174104428746,0.010783682097637165,0.0430974270890138,0.05358369428167363,0.03262212161826227,0.023821336056182685
Ita,s,2014.0,Reef 21-591,21591100104,2014,2016,0.04129512229078879,0.010079148892911593,0.05710325215431242,0.023696424485520624,0.020033965483781422,0.006583987515650314,0.06054745988052844,0.04145899858945984,0.03186048578464736,0.017079736720590523
unknown,c,2010.0,Reef 22-084,22084100104,2008,2010,0.04405117072484695,0.00607133898957495,0.05623355909211014,0.017797400515139197,0.042607371530535884,0.00970324437676534,0.02309004525573783,0.01717075339148996,0.01792416711399665,0.01234476409031767
unknown,c,2020.0,Reef 22-084,22084100104,2018,2020,0.1449884828338083,0.05105071830404162,0.19214073083529393,0.07922092723879895,0.04802196607395093,0.031198252747654677,0.04125490282061536,0.036297830068553416,0.022630148761432677,0.017347973451861103
Yasi,s,2011.0876712328768,Rib Reef,18032100104,2010,2011,0.06526740851656435,0.008134379084468516,0.08180969912343158,0.021636583266197832,0.033386036009787706,0.0064234490700760755,0.015256664143911169,0.0242014468886366,0.01689677098307623,0.012021051247466167
unknown,c,2017.0,Rib Reef,18032100104,2016,2017,0.10527005226924026,0.08303833981370859,0.12518661963481678,0.10756166113715503,0.0727113139660097,0.027764004997624925,0.03654165001292723,0.03444496945918152,0.021328732528069872,0.01434219468695515
unknown,c,2018.0,Rib Reef,18032100104,2017,2018,0.08303833981370859,0.0015441311037914303,0.10756166113715503,0.00302160778678253,0.027764004997624925,0.002805937465047234,0.03444496945918152,0.007082320872706609,0.01434219468695515,0.0077711255026917175
unknown,c,2019.0,Rib Reef,18032100104,2018,2019,0.0015441311037914303,0.0010490581951603881,0.00302160778678253,0.0031930979903260323,0.002805937465047234,0.003746563272334494,0.007082320872706609,0.008672420459694628,0.0077711255026917175,0.005769461253145707
Yasi,s,2011.0876712328768,Roxburgh Reef,18042100104,2010,2012,0.011488949846313228,0.0013654827010297645,0.02617836675488719,0.008921700136007774,0.014680384449452223,0.006212891791630889,0.03250246023223495,0.016939214253311803,0.032229232688537716,0.017235743905564857
Hamish,s,2009.1808219178083,Slate Reef,19159100104,2007,2009,0.06915050729773656,0.006059745332318955,0.14552473077216346,0.0690153036952556,0.02847861078747492,0.012213307291517476,0.07413682632313036,0.047155969679085634,0.0,0.0
Ului,s,2010.213698630137,Slate Reef,19159100104,2009,2011,0.006059745332318955,0.0008714900337808347,0.0690153036952556,0.04514749214059724,0.012213307291517476,0.005841414545271795,0.047155969679085634,0.03648859247251677,0.0,0.0
Debbie,s,2017.0,Slate Reef,19159100104,2017,2019,0.08059730477518645,0.0662866601551716,0.12220643399705894,0.10821562913258673,0.035485973752804816,0.0525836894007908,0.04287106843932353,0.04998129127989598,0.0,0.0
unknown,c,2020.0,Small Lagoon Reef,21572100104,2018,2020,0.15665614228695116,0.06835538185742923,0.24945528204592873,0.1414510367379817,0.03571463472947063,0.02040757625531361,0.03182113153495736,0.033699155307711906,0.04472324983125764,0.026632002217877763
Hamish,s,2009.1808219178083,Snake Reef,22088101104,2009,2011,0.08790829617965393,0.013857480603456736,0.2023389375991303,0.10123677698269984,0.03818190002107949,0.01460921282018946,0.04945595554114881,0.04415018670506761,0.10140183495991702,0.049619983738273504
unknown,c,2021.0,Snake Reef,22088101104,2019,2021,0.0996811611987996,0.10780038934398621,0.22375173505626322,0.2282833208492147,0.04896565982876964,0.024752524796821326,0.055900529710583784,0.07140625837054675,0.06590127724826023,0.03812648557291076
unknown,c,2022.0,Snake Reef,22088101104,2021,2022,0.10780038934398621,0.01807859995247624,0.2282833208492147,0.06806205328933788,0.024752524796821326,0.027472226356090975,0.07140625837054675,0.02260832676488888,0.03812648557291076,0.054339050238367034
Yasi,s,2011.0876712328768,St. Crispin Reef,16019100104,2011,2012,0.06269152054554751,0.0076429011076189326,0.0726536151639505,0.016929297401007314,0.0469685738345587,0.01720694697631112,0.022106684806707518,0.019327485183663513,0.05254279069760454,0.056726692030260845
Yasi,s,2011.0876712328768,Taylor Reef,17064100104,2010,2012,0.04089112566723329,0.03784321158092313,0.04089112566723329,0.03784321158092313,0.044836023243130546,0.06303529757145454,0.019766492985820044,0.026536152290161714,0.015668665555423945,0.01932463279510801
unknown,c,2017.0,Taylor Reef,17064100104,2016,2018,0.21811118693413548,0.10984109164879095,0.21811118693413548,0.10984109164879095,0.117460269500089,0.06396694205719727,0.033977089806501666,0.022660822109681254,0.018303867107075034,0.01136736640602054
unknown,c,2018.0,Taylor Reef,17064100104,2016,2018,0.10984109164879095,0.0015709963634464382,0.10984109164879095,0.0015709963634464382,0.06396694205719727,0.01047361461430554,0.022660822109681254,0.011344554412860846,0.01136736640602054,0.0044308657049660465
unknown,m,2010.0,Tern Island,20309100104,2008,2010,0.07588941093923772,0.026065676069302005,0.13404707670715643,0.05384763645165677,0.009183294273637078,0.003888348313352184,0.08124559697817174,0.044261919314544644,0.0207578533187459,0.019100316057467627
unknown,c,2012.0,Tern Island,20309100104,2010,2014,0.026065676069302005,0.019661865160779113,0.05384763645165677,0.05499317959445311,0.003888348313352184,0.009725292147564304,0.044261919314544644,0.031936252325881806,0.019100316057467627,0.02063825627563728
Yasi,s,2011.0876712328768,Thetford Reef,16068100104,2010,2011,0.10701487725904094,0.027244393350254206,0.11580158491019213,0.04162723104761584,0.06444473472736861,0.03820120243223709,0.022640502980437016,0.03648862610561354,0.023267991494216406,0.024674118859247994
Hamish,s,2009.1835616438357,Turner Cay,21562100104,2009,2011,0.026676880857897007,0.017108807916436937,0.026676880857897007,0.017108807916436937,0.02533573982668304,0.020505698339739805,0.03085634058131342,0.03379191069946493,0.06046766249743976,0.061768449465691586
unknown,c,2019.0,Turner Cay,21562100104,2017,2019,0.1183711200834174,0.004853608385521116,0.1183711200834174,0.004853608385521116,0.03923706904262359,0.006045886656381329,0.032362177419705075,0.004473596007509771,0.04551218333050793,0.027353781603130525
unknown,c,2018.0,Wade Reef,21588100104,2016,2018,0.08391270024217082,0.001224764268223064,0.1861160095360042,0.0032939152545630136,0.051325578757219444,0.005014345823637162,0.06747886999226813,0.003844659657593098,0.03613103020169429,0.010999400742390301
unknown,c,2020.0,Wade Reef,21588100104,2018,2020,0.001224764268223064,0.0005713423443105714,0.0032939152545630136,0.002039568181086162,0.005014345823637162,0.004399601429168134,0.003844659657593098,0.002248983401547124,0.010999400742390301,0.006053405845925923
unknown,s,2008.0,Wreck Island,23051100104,2007,2009,0.16080664242493284,0.026703395170425897,0.18287336374263313,0.04863184423415008,0.003790149260604076,0.001161385514765335,0.02480788178637455,0.019875131643263193,0.010726926338750163,0.013962628722065894
Hamish,s,2009.1835616438357,Wreck Island,23051100104,2009,2011,0.026703395170425897,0.004284256242065647,0.04863184423415008,0.015345299736114325,0.001161385514765335,0.002714022886291566,0.019875131643263193,0.012823832606109852,0.013962628722065894,0.00854151822322358
Ita,s,2014.2739726027398,Yonge Reef,14138100104,2013,2015,0.03090279894533716,0.021205759977303663,0.08777234420317731,0.06082875055812911,0.04927978129304996,0.04729740132235986,0.024370843622334933,0.02695144542632192,0.016546395702123178,0.015699495377934976
unknown,m,2016.0849315068492,Yonge Reef,14138100104,2015,2017,0.021205759977303663,0.0031148000868247675,0.06082875055812911,0.010072006040158496,0.04729740132235986,0.04024956170106956,0.02695144542632192,0.007399186447646619,0.015699495377934976,0.002496121921464847
