cyclone_name,type,year,reef_name,reef_id,year_before,year_after,cover_before,cover_after
Olga,s,2010.0630136986301,Agincourt Reef No.1,15099103104,2010,2011,0.22500673296192308,0.1806396759108299
Yasi,s,2011.0876712328768,Agincourt Reef No.1,15099103104,2011,2012,0.1806396759108299,0.11112356331642735
Yasi,s,2011.0876712328768,Arlington Reef,16064100104,2010,2012,0.14059874379004386,0.12060445616109515
Ului,s,2010.213698630137,Ben Reef,20113100104,2007,2011,0.41052103611152957,0.09138724812391973
Hamish,s,2009.1808219178083,Boult Reef,23079100104,2008,2010,0.24753271952747294,0.1204442807090163
unknown,c,2011.0,Bowden Reef,19019100104,2007,2011,0.16432985242701542,0.14886284046146184
unknown storm,s,2008.4136986301369,Broomfield Reef,23048100104,2008,2009,0.3981406171112813,0.1849598671481191
Hamish,s,2009.0,Broomfield Reef,23048100104,2009,2010,0.1849598671481191,0.1873580625471469
Jasmine,s,2012.0876712328768,Carter Reef,14137100104,2011,2013,0.22124209961722904,0.17301402883503159
Ita,s,2014.0,Carter Reef,14137100104,2013,2015,0.17301402883503159,0.1391620790963517
Nathan,m,2016.0849315068492,Carter Reef,14137100104,2015,2017,0.1391620790963517,0.10567361579333691
Yasi,s,2011.0876712328768,Chicken Reef,18086100104,2010,2011,0.13652823148587853,0.08431000985515667
Hamish,s,2009.18,Chinaman Reef (22-102),22102100104,2008,2010,0.1935982740878966,0.18205503451228588
unknown,c,2017.0,Chinaman Reef (22-102),22102100104,2017,2018,0.470790722776956,0.20211687607681808
unknown,c,2018.0,Chinaman Reef (22-102),22102100104,2018,2019,0.20211687607681808,0.10389129134645504
unknown,c,2019.0,Chinaman Reef (22-102),22102100104,2019,2020,0.10389129134645504,0.10399345032025027
Hamish,s,2009.1808219178083,Creal Reef,20297100104,2007,2009,0.6962987910361156,0.13576564298005972
unknown,c,2013.0,Creal Reef,20297100104,2009,2013,0.13576564298005972,0.09196415262431265
Debbie,s,2017.2356164383561,Credlin Reef East,20287100104,2017,2019,0.27833157891883215,0.12967007925013244
Yasi,s,2011.0876712328768,Davies Reef,18096100104,2009,2013,0.203275098940432,0.11179644759265028
Yasi,s,2011.0876712328768,Dip Reef,18039100104,2007,2011,0.17883852638358097,0.1015857898369443
Ita,s,2014.2794520547945,East Cay,21305100104,2014,2015,0.29181370539608237,0.24542680356340096
Hamish,s,2009.1808219178083,Erskine Island,23068100104,2008,2010,0.19329124099464146,0.1387938902082039
unknown,m,2020.0849315068492,Erskine Island,23068100104,2020,2021,0.41891770670918616,0.3652041664907682
unknown,m,2008.0,Fairfax Island,23081100104,2006,2008,0.5573461385703403,0.4408196910681106
Hamish,s,2009.1808219178083,Fairfax Island,23081100104,2008,2010,0.4408196910681106,0.15338986757624687
unknown,c,2012.0,Fairfax Island,23081100104,2010,2012,0.15338986757624687,0.14151410365489367
unknown,c,2014.0,Fairfax Island,23081100104,2012,2014,0.14151410365489367,0.14871863989834783
Yasi,s,2011.0,Farquharson Reef,17063101104,2010,2012,0.07739029586105195,0.06235557512516856
unknown,c,2018.0,Farquharson Reef,17063101104,2016,2018,0.14328335402726364,0.09676481084317771
Tasha,s,2010.978082191781,Fitzroy Island,16054101104,2010,2012,0.2936325593781349,0.22350372312302003
unknown,c,2015.0,Fitzroy Island,16054101104,2012,2017,0.22350372312302003,0.2115554901047081
Yasi,s,2011.0876712328768,Fork Reef,18083100104,2010,2012,0.17925103068600462,0.07726256434428068
unknown,c,2013.0,Forrester Reef,15009100104,2009,2013,0.21398494055679265,0.16954296757783568
unknown,c,2015.0,Forrester Reef,15009100104,2013,2015,0.16954296757783568,0.07859872730616282
Hamish,s,2009.1808219178083,Gannet Cay,21556100104,2009,2010,0.12730687389190784,0.09606938687974569
unknown,c,2019.0,Gannet Cay,21556100104,2017,2019,0.46803397456043583,0.32249925452240485
unknown,c,2021.0,Gannet Cay,21556100104,2019,2021,0.32249925452240485,0.21805825013949826
unknown,c,2013.0,Green Island,16049100104,2012,2013,0.11052819333543668,0.08072837216759786
Yasi,s,2011.0876712328768,Grub Reef (18-077),18077100104,2008,2012,0.09813880291728369,0.06301651631208895
unknown,m,2016.0849315068492,Harrier Reef,15025100104,2015,2017,0.3407018432238091,0.12094994764039259
Yasi,s,2011.0876712328768,Hedley Reef,17014100104,2010,2012,0.13216243678855627,0.11635091143753944
unknown,c,2008.0,Helix Reef,18076100104,2006,2008,0.33568624342488723,0.1629472952688646
Yasi,s,2011.0876712328768,Helix Reef,18076100104,2010,2012,0.1756361526496469,0.07438261766394925
unknown,c,2011.0,Helsdon Reef,14135100104,2010,2011,0.23877617984021587,0.20679355060311716
unknown,c,2013.0,Helsdon Reef,14135100104,2011,2013,0.20679355060311716,0.2493414391459357
unknown,c,2015.0,Helsdon Reef,14135100104,2013,2015,0.2493414391459357,0.09846100194879462
unknown,c,2019.0,Horseshoe Reef,22104101104,2017,2019,0.2950809504652813,0.08955409723505024
unknown,m,2008.0,Hoskyn Island,23080100104,2006,2008,0.5535659151100655,0.45178965406874944
Hamish,s,2009.18,Hoskyn Island,23080100104,2008,2010,0.45178965406874944,0.17671624764846494
Hamish,s,2009.1808219178083,Hyde Reef,19207100104,2007,2009,0.37391563399800354,0.13028675385906788
Ului,s,2010.0,Hyde Reef,19207100104,2009,2011,0.13028675385906788,0.10846554983345245
Hamish,s,2009.1808219178083,Jenkins Reef,21584100104,2008,2010,0.16368087566797968,0.1291129713619812
unknown,c,2018.0,Jenkins Reef,21584100104,2016,2018,0.5287983284062253,0.09945137390449085
unknown,c,2019.0,John Brewer Reef,18075100104,2017,2020,0.37751976099866913,0.11625536911021976
Yasi,s,2011.0876712328768,Knife Reef,18081100104,2010,2012,0.26470487771030826,0.08657851125960327
unknown,m,2008.0,Lady Musgrave Island,23082101104,2007,2009,0.5347300317268993,0.3035983616418739
Hamish,s,2009.1808219178083,Lady Musgrave Island,23082101104,2009,2010,0.3035983616418739,0.16362244197831388
unknown,c,2013.0,Linnet Reef,14126100104,2011,2013,0.34689225627104703,0.26521147533610845
Nathan,s,2015.2109589041097,Linnet Reef,14126100104,2013,2017,0.26521147533610845,0.08561669096930842
Yasi,s,2011.0,Little Kelso Reef,18031100104,2010,2012,0.11936577767802137,0.1131190190037172
unknown,m,2017.0849315068492,Little Kelso Reef,18031100104,2016,2018,0.371977092187535,0.24264701921118415
unknown,c,2020.0,Little Kelso Reef,18031100104,2018,2020,0.24264701921118415,0.12677725650237157
Ita,s,2015.0,Lizard Isles,14116101104,2013,2015,0.13098624616271615,0.07858475700890724
unknown,m,2016.0849315068492,Lizard Isles,14116101104,2015,2017,0.07858475700890724,0.0670210550132364
unknown,c,2015.0,Macgillivray Reef,14114100104,2013,2015,0.33980296837764706,0.08340827460446193
unknown,m,2016.08,Macgillivray Reef,14114100104,2015,2017,0.08340827460446193,0.07072685022457248
unknown,c,2015.0,Mackay Reef,16015100104,2013,2015,0.3225944061459304,0.15980745555214854
unknown,c,2013.0,Martin Reef,14123100104,2013,2015,0.26562426473717715,0.1859947408149895
unknown,m,2016.0849315068492,Martin Reef,14123100104,2015,2017,0.1859947408149895,0.10636521689280184
Yasi,s,2011.0876712328768,Michaelmas Cay,16060100104,2009,2013,0.14212940912866578,0.09649677084036773
unknown,c,2017.0,Michaelmas Cay,16060100104,2017,2019,0.12914696899278238,0.10139287733221743
Yasi,s,2011.0876712328768,Moore Reef,16071100104,2010,2012,0.1481505241200083,0.13941959484805527
Yasi,s,2011.0876712328768,Myrmidon Reef,18034100104,2007,2011,0.13904809491459838,0.08179327769808709
Ita,s,2014.2739726027398,No Name Reef,14139100104,2013,2015,0.16109242059620085,0.15058371741968404
unknown,m,2016.0849315068492,No Name Reef,14139100104,2015,2017,0.15058371741968404,0.09629845971251703
Hamish,s,2009.18,North Island,23045101104,2008,2010,0.4466788275228584,0.19015549585384023
unknown,c,2011.0,North Direction Island,14143100104,2010,2011,0.3630041802626798,0.2878943437666236
Ita,s,2014.27,North Direction Island,14143100104,2013,2015,0.2902749538390041,0.06659947974468172
Nathan,s,2015.0,North Direction Island,14143100104,2015,2017,0.06659947974468172,0.05486270734246097
unknown,m,2008.0,One Tree Island,23055101104,2007,2009,0.367645965844693,0.2297520761024128
Hamish,s,2009.1835616438357,One Tree Island,23055101104,2009,2011,0.2297520761024128,0.16114092976868985
Yasi,s,2011.0876712328768,Peart Reef,17024100104,2010,2012,0.16500529315050141,0.12929037092137463
unknown,c,2016.0,Peart Reef,17024100104,2014,2016,0.17493867365456012,0.1884818433122367
unknown,c,2018.0,Peart Reef,17024100104,2016,2018,0.1884818433122367,0.08048818761735212
unknown,c,2015.0,Pickersgill Reef,15093100104,2011,2015,0.23097919879734988,0.19151275130282897
Hamish,s,2009.1808219178083,Pompey Reef No.1,20351101104,2006,2010,0.2568453628980959,0.19601229688370253
Marcia,s,2015.1342465753426,Pompey Reef No.1,20351101104,2014,2018,0.276911258761156,0.1908287770191459
Hamish,s,2009.1808219178083,Pompey Reef No.2,20351102104,2006,2010,0.2933499657605822,0.14817147321381524
Marcia,s,2015.1342465753426,Pompey Reef No.2,20351102104,2014,2018,0.15802072387376018,0.1084260038656378
Hamish,s,2009.0,Rebe Reef,19209100104,2005,2009,0.2816516084276388,0.18243442124352025
Ului,s,2010.213698630137,Rebe Reef,19209100104,2009,2011,0.18243442124352025,0.08321723405940168
Hamish,s,2009.1808219178083,Reef 19-131,19131101104,2007,2009,0.19082042153804202,0.17255634190590347
Debbie,s,2017.2356164383561,Reef 19-131,19131101104,2017,2019,0.25102474560451554,0.15901679759434229
Ului,s,2010.213698630137,Reef 19-138,19138100104,2010,2011,0.2250704128744894,0.19529783937461737
Debbie,s,2017.2356164383561,Reef 19-138,19138100104,2017,2019,0.3680633375963261,0.18109911362643935
Hamish,s,2009.1808219178083,Reef 20-104,20104100104,2007,2009,0.25634969351822795,0.22474286344998579
unknown,s,2011.0,Reef 20-104,20104100104,2009,2011,0.22474286344998579,0.10593812665814117
Debbie,s,2017.2356164383561,Reef 20-104,20104100104,2017,2021,0.3105875123046275,0.3039312870420683
Hamish,s,2009.1808219178083,Reef 20-348,20348100104,2005,2010,0.18277158336850735,0.07778892351437901
Hamish,s,2009.1808219178083,Reef 20-353,20353100104,2008,2010,0.4678991128281669,0.10778995152762277
unknown,m,2010.0,Reef 21-060,21060100104,2006,2010,0.44792621892104123,0.12384843857912663
unknown,c,2014.0,Reef 21-060,21060100104,2012,2014,0.12381994673054504,0.06904033391168214
unknown,m,2014.0,Reef 21-062,21062100104,2008,2014,0.3894384870347139,0.11439124883818338
unknown,c,2016.0,Reef 21-062,21062100104,2014,2016,0.11439124883818338,0.10146824995496515
Hamish,s,2009.1808219178083,Reef 21-064,21064100104,2008,2010,0.46064249286333636,0.1881395541064979
unknown,c,2014.0,Reef 21-064,21064100104,2012,2016,0.22792524411545817,0.10524030422464127
unknown,c,2018.0,Reef 21-064,21064100104,2016,2018,0.10524030422464127,0.09392193855522511
Hamish,s,2009.1808219178083,Reef 21-139,21139100104,2008,2010,0.31634387455076407,0.16734013587996902
Hamish,s,2009.1808219178083,Reef 21-187,21187100104,2008,2010,0.47137732461546483,0.13032114136491071
Hamish,s,2009.1808219178083,Reef 21-245,21245100104,2008,2010,0.28644129112274136,0.12304018895906611
Edna,s,2014.0849315068492,Reef 21-296,21296100104,2014,2018,0.2119824161253602,0.16292378436757293
Hamish,s,2009.1808219178083,Reef 21-529,21529100104,2009,2010,0.4187217789456,0.1117431804061602
Hamish,s,2009.1808219178083,Reef 21-550,21550100104,2008,2010,0.4108120242324142,0.15382242938588303
Hamish,s,2009.1808219178083,Reef 21-558,21558100104,2008,2012,0.3438649294842713,0.2129227845461164
Edna,s,2014.0849315068492,Reef 21-558,21558100104,2014,2016,0.3655606487573702,0.3897085065859341
unknown,c,2022.0,Reef 21-558,21558100104,2018,2022,0.5567616569625632,0.4885073127293561
unknown,m,2010.0,Reef 21-591,21591100104,2008,2010,0.4050903624263184,0.23713931541680017
Ita,s,2014.0,Reef 21-591,21591100104,2012,2014,0.3243844351027426,0.21439926226908934
unknown,c,2010.0,Reef 22-084,22084100104,2008,2010,0.16747979632518592,0.08942513715015046
unknown,c,2020.0,Reef 22-084,22084100104,2018,2020,0.5215636431682587,0.447032471378247
unknown,c,2022.0,Reef 22-084,22084100104,2020,2022,0.447032471378247,0.12136848920372466
Yasi,s,2011.0876712328768,Rib Reef,18032100104,2010,2011,0.23282737940598844,0.11585852088973621
unknown,c,2017.0,Rib Reef,18032100104,2016,2017,0.5000227218491428,0.2809208745703753
unknown,c,2018.0,Rib Reef,18032100104,2017,2018,0.2809208745703753,0.14794063026807497
unknown,c,2019.0,Rib Reef,18032100104,2018,2020,0.14794063026807497,0.11451867355616456
Yasi,s,2011.0876712328768,Roxburgh Reef,18042100104,2010,2012,0.2670230794061059,0.08757672020420426
Hamish,s,2009.1808219178083,Slate Reef,19159100104,2007,2009,0.4143782361873632,0.17488592095313701
Ului,s,2010.213698630137,Slate Reef,19159100104,2009,2013,0.17488592095313701,0.10998520359373955
Debbie,s,2017.0,Slate Reef,19159100104,2017,2019,0.2254517949418332,0.2848090431734312
unknown,c,2020.0,Small Lagoon Reef,21572100104,2018,2020,0.39996308492614335,0.23161532363633544
unknown,c,2022.0,Small Lagoon Reef,21572100104,2020,2022,0.23161532363633544,0.10306595179169323
Hamish,s,2009.1808219178083,Snake Reef,22088101104,2009,2011,0.2286563310420321,0.14523182932041132
unknown,c,2021.0,Snake Reef,22088101104,2019,2021,0.2760244260897609,0.29453808823879996
unknown,c,2022.0,Snake Reef,22088101104,2021,2022,0.29453808823879996,0.24733693854114455
Yasi,s,2011.0876712328768,St. Crispin Reef,16019100104,2011,2012,0.16275099721516975,0.1469828962801646
unknown,c,2013.0,Startle Reef East,15028100104,2011,2013,0.1868234496029855,0.14227262151485573
unknown,c,2015.0,Startle Reef East,15028100104,2013,2015,0.14227262151485573,0.07212021204166044
unknown,c,2010.0,Swinger Reef,15030100104,2009,2010,0.28480221788574905,0.22164075330824026
unknown,m,2015.0,Swinger Reef,15030100104,2010,2015,0.22164075330824026,0.12056539767487613
Yasi,s,2011.0876712328768,Taylor Reef,17064100104,2010,2012,0.15986307218777396,0.12600149926704873
unknown,c,2017.0,Taylor Reef,17064100104,2016,2017,0.3933584029170042,0.2743450902341606
unknown,c,2018.0,Taylor Reef,17064100104,2017,2018,0.2743450902341606,0.1347013521273896
unknown,m,2010.0,Tern Island,20309100104,2008,2010,0.46635382921323565,0.2840905062922604
unknown,c,2012.0,Tern Island,20309100104,2010,2012,0.2840905062922604,0.1869612686310325
Yasi,s,2011.0876712328768,Thetford Reef,16068100104,2010,2012,0.20715679521395816,0.12573160928723925
Hamish,s,2009.1835616438357,Turner Cay,21562100104,2009,2011,0.20409769820543622,0.15345866981958028
unknown,c,2019.0,Turner Cay,21562100104,2017,2019,0.5323155335131405,0.09328532275333526
unknown,c,2018.0,Wade Reef,21588100104,2016,2018,0.4474137677226432,0.1133972560856435
unknown,c,2020.0,Wade Reef,21588100104,2018,2020,0.1133972560856435,0.08386790804796725
unknown,s,2008.0,Wreck Island,23051100104,2007,2009,0.2825009303053723,0.23873999054454975
Hamish,s,2009.1835616438357,Wreck Island,23051100104,2009,2011,0.23873999054454975,0.17530914848558515
Ita,s,2014.2739726027398,Yonge Reef,14138100104,2013,2015,0.16861385195623863,0.14550600606925013
unknown,m,2016.0849315068492,Yonge Reef,14138100104,2015,2017,0.14550600606925013,0.11681799188727428
Yasi,s,2011.0876712328768,Opal Reef,16025100104,2011,2013,0.21288017536616813,0.1825053838832091
unknown,m,2017.0849315068492,Low Isles,16028100104,2017,2019,0.46329092154361645,0.27289103835726614
unknown,m,2015.0,Green Island,16049100104,2013,2015,0.08072837216759786,0.08026907919849818
Yasi,s,2011.0876712328768,McCulloch Reef,17016101104,2010,2012,0.09524605873254562,0.07606907017419713
Yasi,s,2011.0876712328768,Feather Reef,17034100104,2009,2012,0.129110324309799,0.12275293973961965
Yasi,s,2011.0876712328768,Kelso Reef,18030100104,2010,2014,0.13258070375593714,0.13250082950484407
Yasi,s,2011.0876712328768,Fore and Aft Reef,18043100104,2008,2012,0.061118724409604294,0.06072884434911593
Yasi,s,2011.0876712328768,Centipede Reef,18088100104,2010,2016,0.07785694469478678,0.14741061298464986
Dylan,s,2014.0794520547945,Davies Reef,18096100104,2013,2015,0.11179644759265028,0.20803620022267816
Debbie,s,2017.2356164383561,Tern Island,20309100104,2014,2018,0.1961787443558533,0.23399512378577828
Hamish,s,2009.1808219178083,Reef 21-302,21302100104,2008,2010,0.3361666773835032,0.35385199568579945
Hamish,s,2009.1835616438357,Masthead Island,23069100104,2008,2010,0.13930405653162276,0.13588235226795542
