reef_name,reef_id,dist_year,survival_rate_Tabular_Acropora,survival_rate_Corymbose_Acropora,survival_rate_Corymbose_non_Acropora,survival_rate_Small_Massives,survival_rate_Large_Massives
Agincourt Reef No.1,15099103104,2011,0.7622631063882095,0.7405086325280634,0.5703077096037346,0.7290724079803919,0.5485183514338272
Agincourt Reef No.1,15099103104,2012,0.13151303380516285,0.553436404967382,0.33603904505507315,1.0,1.0
Arlington Reef,16064100104,2012,0.365655080284366,0.46723003096207605,0.6115929087541807,0.77933401340589,1.0
Ben Reef,20113100104,2011,0.10593211138445568,0.1423020022133412,0.26380702860754823,0.21793831795093427,0.22907143324408993
Boult Reef,23079100104,2010,0.09877896326375603,0.41254800011802206,1.0,1.0,1.0
Bowden Reef,19019100104,2011,0.30649735352039265,0.3809645635087305,0.49147194892699453,0.759875141414537,0.6858736688217998
Broomfield Reef,23048100104,2009,0.2725327435605906,0.4578385738673867,0.7788668270962612,1.0,0.7987213840915048
Broomfield Reef,23048100104,2010,0.5200060054041227,0.8322405556127639,0.4426734779996794,1.0,1.0
Carter Reef,14137100104,2013,0.34794711911416243,0.5155777280759468,0.6832642470063285,0.9800064749151198,0.9737137702504453
Carter Reef,14137100104,2015,0.5867142664838775,0.622003827460732,0.5629128268778527,0.5770165500169446,0.453433896296004
Carter Reef,14137100104,2017,0.05000638505820339,0.20117732915480427,1.0,0.8487792794385269,0.5666683844661198
Chicken Reef,18086100104,2011,0.22969428762466712,0.44774993927155016,0.22618032860644297,0.670220558641423,0.6438749387244644
Chinaman Reef (22-102),22102100104,2010,0.5511002536022591,0.5793015726476864,0.8282192999329715,0.676183378070819,0.7457396303904059
Chinaman Reef (22-102),22102100104,2018,0.34458131219619925,0.2967250591467532,0.43961167800719564,0.3318232540656679,0.6659694268371189
Chinaman Reef (22-102),22102100104,2019,0.1692643572151932,0.17985505422702333,0.527812022850067,0.4395351330209294,0.676902468172173
Chinaman Reef (22-102),22102100104,2020,0.7831891683781576,1.0,0.7086325809718068,0.9210446497476978,0.8061963224666227
Creal Reef,20297100104,2009,0.11584453802956167,0.19576262251001134,0.2024241535849927,0.220749150513358,0.2645044393225465
Creal Reef,20297100104,2013,0.1993480227606154,0.3368729539742735,0.34833627430809067,0.3798703627243419,0.455165499273685
Credlin Reef East,20287100104,2019,0.23040295786056045,0.32570873254567884,0.26635195251092625,0.4256833750825879,0.4893800923264814
Davies Reef,18096100104,2013,0.09697595046808809,0.24478555669742025,0.17826664371651474,0.4410433385097869,0.4073817290696838
Dip Reef,18039100104,2011,0.05,0.3823593324393406,0.09949796763356082,0.40045686203245545,0.3823043083520237
East Cay,21305100104,2015,0.25105757439371856,0.33174484608859506,1.0,1.0,1.0
Erskine Island,23068100104,2010,0.48911281849134997,0.5423701598729812,0.1758084709286611,0.8274502521652851,1.0
Erskine Island,23068100104,2021,0.7128303455581338,0.8384342258518082,1.0,0.8676740715045757,1.0
Fairfax Island,23081100104,2008,0.7437683633782198,0.7325168934752586,1.0,0.6104320749380968,1.0
Fairfax Island,23081100104,2010,0.2613357633436975,0.30354702792157495,0.4901828041046286,1.0,1.0
Fairfax Island,23081100104,2012,0.6608605357988694,0.6369525691735219,0.1721358554973607,0.624689403709193,1.0
Fairfax Island,23081100104,2014,0.7833578697276307,0.7243201694488735,1.0,0.6205216867073331,0.5815198928051348
Farquharson Reef,17063101104,2012,0.4134844122329223,0.4134844122329223,0.5706604628525819,0.6953689125651387,0.47016329806345836
Farquharson Reef,17063101104,2018,0.39461867435311093,0.39461867435311093,0.12321752999420825,0.7896134551554391,0.5957083773357256
Fitzroy Island,16054101104,2012,0.4685483233178597,0.6751916716108921,1.0,0.6544086131453521,0.5226082284816187
Fitzroy Island,16054101104,2017,0.6258204963497721,0.49394171108749846,0.6728142294252953,0.3689530310393048,0.5028082469683957
Fork Reef,18083100104,2012,0.05,0.1971392984425128,0.13440136938332095,0.7438915982615394,0.5105709410139828
Forrester Reef,15009100104,2013,1.0,0.39314192774932977,0.3733031290095179,0.3410959253381487,0.545071269768875
Forrester Reef,15009100104,2015,0.8579701709173596,0.2894393375549963,0.2748335975923045,0.2511219783597618,0.4012929074885038
Gannet Cay,21556100104,2010,0.2987870961124838,0.38778413065192374,0.2972179883010562,1.0,1.0
Gannet Cay,21556100104,2019,0.4868186653594791,0.5268685175702545,0.5512167719238146,0.6358238885568879,0.9756257950102629
Gannet Cay,21556100104,2021,0.07443517893143421,0.1379507295674488,0.05,0.6736633668013988,1.0
Green Island,16049100104,2013,0.05,0.07666561469784457,1.0,0.6504671214406446,1.0
Grub Reef (18-077),18077100104,2012,0.1111152040694582,0.3667162585647437,0.12051283999289784,0.3579382689747188,0.49087582375796185
Harrier Reef,15025100104,2017,0.19381365246760598,0.2656629553933066,0.32271340537090615,0.3782016362247839,0.34755410177014906
Hedley Reef,17014100104,2012,0.33147602074224186,0.4308673882008083,0.9918757899817308,1.0,0.9186238090914775
Helix Reef,18076100104,2008,0.2569033404626674,0.26138901817827853,0.5534162131524089,0.9708658680701624,0.641960690634239
Helix Reef,18076100104,2012,0.06393849102747365,0.23015631922499105,0.29673063694334895,0.5240534416656043,0.6961611435256361
Helsdon Reef,14135100104,2011,1.0,0.648998030527447,0.6162481750646184,0.5630805776242293,0.8998027318079601
Helsdon Reef,14135100104,2013,1.0,0.7711534327605156,0.7322393493972027,0.6690644654234195,1.0
Helsdon Reef,14135100104,2015,0.7697915969467156,0.2596919769803059,0.24658735368268322,0.22531271517666726,0.3600497063536264
Horseshoe Reef,22104101104,2019,0.05,0.0671034885704746,0.3296496588525142,0.43156511114439716,1.0
Hoskyn Island,23080100104,2008,0.6970730031475992,0.7698590583031028,1.0,1.0,1.0
Hoskyn Island,23080100104,2010,0.18920409402165797,0.3543262971266139,0.7216179194509252,1.0,1.0
Hyde Reef,19207100104,2009,0.05,0.16993291265315502,0.3722380874223277,0.31065532695292813,0.3703370043182876
Hyde Reef,19207100104,2011,0.7790774667920427,1.0,0.08212418030956409,0.7398805155900289,0.4073285816526494
Jenkins Reef,21584100104,2010,0.3305028499765431,0.48773656020050155,0.6049588799324799,0.6853365893953923,1.0
Jenkins Reef,21584100104,2018,0.0598069942710496,0.06406487785405675,0.19244116883432594,0.05967904362056647,1.0
John Brewer Reef,18075100104,2020,0.18627974880314704,0.16665125427527264,0.6011638613396844,0.2621704243063505,0.5601099211818682
Knife Reef,18081100104,2012,0.05,0.2060180437539604,0.10994668960138805,0.42506333050747214,0.38701681467354804
Lady Musgrave Island,23082101104,2009,0.4412285429599147,0.49237605786675037,0.9505869583916986,1.0,1.0
Lady Musgrave Island,23082101104,2010,0.19371959950684667,0.48389067439868916,0.05,1.0,1.0
Linnet Reef,14126100104,2013,0.4147989213109378,0.439664739577912,0.6318603441523618,0.8101439668857777,0.691263105605985
Linnet Reef,14126100104,2017,0.05,0.05,0.057548330127581274,0.18924218039054364,0.7288732131696539
Little Kelso Reef,18031100104,2012,0.30109043697060905,0.6374340221342075,0.609574442483415,0.9272855567582426,1.0
Little Kelso Reef,18031100104,2018,0.3390170386660527,0.42138529639487415,0.5436176293169116,0.8404986771971079,0.758645572081642
Little Kelso Reef,18031100104,2020,0.2489127742698528,0.30938911971764355,0.39913442931274856,0.6171101556855847,0.5570120451096082
Lizard Isles,14116101104,2015,1.0,0.36545778033464993,0.34701598402596334,0.3170767373220873,0.5066886086516164
Lizard Isles,14116101104,2017,1.0,0.5026517791542564,0.47728687457656926,0.4361083406062129,0.6969011040966533
Macgillivray Reef,14114100104,2015,0.05,0.05,0.13061674233887283,0.20523943322171043,0.21637947834297422
Macgillivray Reef,14114100104,2017,0.7826179008236839,0.7826179008236839,0.275751422096124,0.6078786672020147,0.5848961351540135
Mackay Reef,16015100104,2015,0.05,0.7339555031768081,0.25082104543041434,0.3698620332600975,0.4863066838099364
Martin Reef,14123100104,2015,0.05,0.05,0.05,0.3327935958707551,1.0
Martin Reef,14123100104,2017,0.31965392301852824,0.31965392301852824,0.4798145428352053,0.4143462604003009,0.41575627095194345
Michaelmas Cay,16060100104,2013,0.14892266616264038,0.21232102913591447,0.39479448440099574,0.5590716513235677,0.7868394934227524
Michaelmas Cay,16060100104,2019,0.1196176604004523,0.13320892788941932,1.0,1.0,1.0
Moore Reef,16071100104,2012,0.17298464594282198,0.5537816322632637,0.9832158583876254,1.0,0.9944168439313608
Myrmidon Reef,18034100104,2011,0.08744834418116933,0.27760652676969305,0.0974885510882326,0.3967607043052224,0.40470714612607717
No Name Reef,14139100104,2015,0.4061179050257135,0.6626752396789668,0.8875048060420645,0.8293109533562111,0.5252600542777895
No Name Reef,14139100104,2017,0.2981100783710572,0.2853100374415145,0.5741662454353132,0.6716851864244461,0.5098052457585441
North Island,23045101104,2010,0.05,0.425391923673154,0.17163125044203373,1.0,1.0
North Direction Island,14143100104,2011,0.812568827832446,0.812568827832446,0.5294945542463892,0.6863044666877974,0.8005530284340221
North Direction Island,14143100104,2015,0.05,0.05,0.19290542326459745,0.18065674945944335,0.3768768394748104
North Direction Island,14143100104,2017,0.33358716105192304,0.33358716105192304,0.8209153585490159,0.5981995490212288,0.45735023080491277
One Tree Island,23055101104,2009,0.4610654116323114,0.4895596975161457,0.2062929784366361,1.0,1.0
One Tree Island,23055101104,2011,0.05,0.24787776124772762,0.05,1.0,1.0
Peart Reef,17024100104,2012,0.34291942339463627,0.4482780324750518,0.5970364487153186,0.8575159155287193,0.6515765140364242
Peart Reef,17024100104,2016,0.9635971993932357,0.9182922362754459,0.714374494574062,0.7102616525490495,0.42211044843963885
Peart Reef,17024100104,2018,0.20281863502144276,0.19009947770673133,0.07156218719714963,0.6667117132468617,0.7035452647742494
Pickersgill Reef,15093100104,2015,1.0,0.42076189933163377,0.3995293366131042,0.3650594334244353,0.5833649543614422
Pompey Reef No.1,20351101104,2010,0.2985169009462743,0.4277451423934977,0.40488500649725934,0.4403886391457282,0.6465605801160916
Pompey Reef No.1,20351101104,2018,0.3991107111370354,0.6391032153671998,0.3382398188673174,0.3767344299962657,0.28761748774052603
Pompey Reef No.2,20351102104,2010,0.11985870913863415,0.3293248539975471,0.2131933649352484,0.4400913107664786,0.4961593126564787
Pompey Reef No.2,20351102104,2018,0.05312591056195548,0.19927873812905564,0.05,0.6060984170750154,0.8786552283721139
Rebe Reef,19209100104,2009,0.11538965316856148,0.3512609854710307,0.13131759950155125,0.3940813673330623,0.6477295510737993
Rebe Reef,19209100104,2011,0.05,0.13124881813873007,0.1156435632430375,0.7655775213680311,0.25573164412468996
Reef 19-131,19131101104,2009,0.5927923896488663,0.7381392051999403,0.8360497013598204,0.6043505010596978,0.6306091218015811
Reef 19-131,19131101104,2019,0.20415394658179892,0.4224699950553104,0.5669548441350097,0.6281980473484445,0.47698857478658657
Reef 19-138,19138100104,2011,0.229521490607474,0.6995621249426679,0.6808475336307052,1.0,1.0
Reef 19-138,19138100104,2019,0.1191238709137506,0.41561948769395607,0.321816120623967,0.5757295450060365,0.5264564828948867
Reef 20-104,20104100104,2009,0.3644407197763443,0.5982678757887473,0.3682456953060099,0.7554142103048747,0.9963881566474416
Reef 20-104,20104100104,2011,1.0,0.35030286910600356,0.7333586543655302,0.2833894058738134,0.276373464589814
Reef 20-104,20104100104,2021,0.4195640416623839,0.6098151599016951,0.7038557631462887,0.8213216352750548,0.6879213502325283
Reef 20-348,20348100104,2010,0.1238468449762984,0.12629043921996655,0.4194430077194877,0.23148774396116417,0.25668695843461453
Reef 20-353,20353100104,2010,0.05,0.1732895383729869,0.08723511000581796,0.17805119248227239,0.8328296011776504
Reef 21-060,21060100104,2010,0.0991287598568643,0.1399910367886774,0.13970230369044953,0.5324618215075088,0.4947722966185007
Reef 21-060,21060100104,2014,0.3895615227721601,0.39300716529119467,0.1802489031496495,0.5114545984321903,0.36215308297668936
Reef 21-062,21062100104,2014,0.0766377099280543,0.09013382086224483,1.0,0.22788023114107558,0.3303347635834415
Reef 21-062,21062100104,2016,0.05,0.5640186334855912,1.0,0.4913930864094813,1.0
Reef 21-064,21064100104,2010,0.14591539927594885,0.20965473340920332,0.15399870750420092,0.5563937409605967,0.4118539971942611
Reef 21-064,21064100104,2016,0.12200275420933859,0.13553085923907923,0.2737522397530004,0.2820733205775903,0.45294445051590837
Reef 21-064,21064100104,2018,0.05,0.3215400162371807,0.4105860650700642,0.582868107905043,0.8054808581706058
Reef 21-139,21139100104,2010,0.18567068056710961,0.38260629467127694,0.4629507176980385,0.5567024702894566,0.3989818086640801
Reef 21-187,21187100104,2010,0.11326896667890934,0.23942839582003597,0.13431643434885526,0.3634357694291193,0.22031288604752733
Reef 21-245,21245100104,2010,0.21111222757549777,0.3424163974996834,0.223490618716404,0.3868516245828709,0.438593864736663
Reef 21-296,21296100104,2018,0.4559434972234935,0.4285327862455764,0.4296504289639505,0.42691787214884974,0.4536324735306949
Reef 21-529,21529100104,2010,0.05,0.07362315011365596,0.05,0.9532167996642004,0.9337415762378639
Reef 21-550,21550100104,2010,0.05,0.28889458618806146,0.11668196397174217,0.7630670872827426,0.39943878401745053
Reef 21-558,21558100104,2012,0.31572065499913204,0.28273218817672874,0.34692489848791735,0.6351760085861233,0.49907569027937887
Reef 21-558,21558100104,2016,0.9920894973859731,0.9862599140152891,0.9040834254213472,0.8511041359818886,0.819316265928414
Reef 21-558,21558100104,2022,1.0,1.0,0.5211518785470364,0.5761743400137671,0.7536828801004221
Reef 21-591,21591100104,2010,0.36643107236527483,0.45241938969437023,0.4815062995162577,0.7627960605752769,0.4480031278572908
Reef 21-591,21591100104,2014,0.2735501197200164,0.4650865529660571,0.3683272770927408,0.7674227766694663,0.6008147464728069
Reef 22-084,22084100104,2010,0.15386783823716912,0.35333106916568874,0.25424536896815497,0.8302050900940808,0.7688907488633735
Reef 22-084,22084100104,2020,0.5752302756900821,0.6735872641488834,1.0,1.0,1.0
Reef 22-084,22084100104,2022,0.1376393086757991,0.20311995181485987,0.25193768228353236,0.28541131908940165,0.42280013002600475
Rib Reef,18032100104,2011,0.15665958888015927,0.3324396594027124,0.24184235950279587,1.0,0.8942679673525015
Rib Reef,18032100104,2017,0.5644911930300398,0.6148694841291595,0.2732520774963934,0.6745606475267248,0.48120919460182404
Rib Reef,18032100104,2018,0.10288893891674393,0.15543319182316062,0.5591895527013947,1.0,1.0
Rib Reef,18032100104,2020,0.36909994978736554,0.5741200736698796,0.7254102035785404,0.6652628970883939,0.4033480063711611
Roxburgh Reef,18042100104,2012,0.06893279316192523,0.1976628632071454,0.24545753482161917,0.3022713830284089,0.3101702028893534
Slate Reef,19159100104,2009,0.0738523405066735,0.3996813282490809,0.3614262944481186,0.5360532707208844,1.0
Slate Reef,19159100104,2013,0.07463785894173793,0.3394996636208446,0.24821948151694542,0.4015795159277182,1.0
Slate Reef,19159100104,2019,0.7851823789448271,0.845397273824983,1.0,1.0,1.0
Small Lagoon Reef,21572100104,2020,0.3776373539250747,0.49075314384028074,0.49453254204998187,0.9165434459161486,0.5153711742691439
Small Lagoon Reef,21572100104,2022,0.19484497125449263,0.2875406855304777,0.3566480457852631,0.40403399870795237,0.5985243603290306
Snake Reef,22088101104,2011,0.1602540512205504,0.5086434374888971,0.38897696217894917,0.9075457928081183,0.49746829158713146
Snake Reef,22088101104,2021,0.933592209354608,0.8807603350304548,0.4363930959840712,1.0,0.4994395388041516
Snake Reef,22088101104,2022,0.305217835146433,0.5426206377151629,1.0,0.5762322846410709,1.0
St. Crispin Reef,16019100104,2012,0.2019552556815488,0.38600010982616184,0.6068790843098943,1.0,1.0
Startle Reef East,15028100104,2013,1.0,0.48078308397905206,0.4565217214345613,0.41713472754126313,0.6665812714713798
Startle Reef East,15028100104,2015,0.9219186078109841,0.3110125738277419,0.2953182013321846,0.2698392467801439,0.4312031013859785
Swinger Reef,15030100104,2010,1.0,0.5920902653906838,0.5622120998179262,0.5137065337022925,0.820903012359613
Swinger Reef,15030100104,2015,0.7240122812258618,0.24424815939187217,0.2319228647979198,0.21191342377766095,0.3386376394413081
Taylor Reef,17064100104,2012,0.4570905487978468,0.4570905487978468,0.6943845408178604,0.6630581995719025,0.6091476334603875
Taylor Reef,17064100104,2017,0.6082731833090954,0.6082731833090954,0.6577734922771734,0.8055662346430525,0.7501165990601926
Taylor Reef,17064100104,2018,0.0661999596723485,0.0661999596723485,0.757858952897482,1.0,1.0
Tern Island,20309100104,2010,0.4007052530617559,0.46864773458187475,0.49397376508948954,0.6355762085213493,1.0
Tern Island,20309100104,2012,0.41295315346546824,0.5590971162454835,1.0,0.39500152836209357,0.5915310070849872
Thetford Reef,16068100104,2012,0.22518328550814484,0.3179553868691259,0.5243155763286307,1.0,0.9379634669771604
Turner Cay,21562100104,2011,0.40064144168695043,0.40064144168695043,0.5056059106224791,0.6841313592342607,0.6381381192222555
Turner Cay,21562100104,2019,0.05,0.05,0.18481014862500922,0.16579880709848174,0.7208619110334712
Wade Reef,21588100104,2018,0.05584559780454929,0.0677162379422188,0.37380453034648947,0.21799886505211755,1.0
Wade Reef,21588100104,2020,0.3806044211066549,0.5051911459023023,0.7158614500179239,0.4772635567709571,0.44901483582988605
Wreck Island,23051100104,2009,0.37672721789212826,0.6033020288886382,0.6951597070072203,1.0,1.0
Wreck Island,23051100104,2011,0.2234138053256026,0.4393955829446983,1.0,0.8984809570711426,0.851861385322691
Yonge Reef,14138100104,2015,0.516209344506625,0.5213399852840027,0.7220019074896035,0.8319195601314304,0.7137598654714103
Yonge Reef,14138100104,2017,0.22648064981406357,0.2553064855136969,1.0,0.42330819381142415,0.24515167606293053
Opal Reef,16025100104,2013,0.42690015080111865,0.667682871364076,0.7054472431866301,0.7597140243205895,0.6571584500782853
Low Isles,16028100104,2019,0.7944720573776856,0.23484865225876692,1.0,0.4937611425335,0.53299609785737
Green Island,16049100104,2015,0.5201818298325538,0.7111208430129574,1.0,0.5049402647653806,0.7146683251061186
McCulloch Reef,17016101104,2012,0.21057232057346476,0.3328346398765891,0.5440947879692364,1.0,0.8252645958012784
Feather Reef,17034100104,2012,0.1663048303036512,0.3095322660704313,0.7135400183886287,1.0,1.0
Kelso Reef,18030100104,2014,0.22942948975955954,0.43478615095896633,0.6283717930349489,0.9331252825990736,0.6984355111232187
Fore and Aft Reef,18043100104,2012,0.348601699258477,0.5862824771944904,0.18953866557411625,1.0,0.4709878906742772
Centipede Reef,18088100104,2016,0.7454015511438481,1.0,0.3664788095599009,0.652824899517012,0.6593834946808413
Davies Reef,18096100104,2015,1.0,1.0,1.0,1.0,0.8597122393606672
Tern Island,20309100104,2018,0.5390697207550688,0.7298462883747414,1.0,0.5156356400358254,0.7721855424308647
Reef 21-302,21302100104,2010,0.28718267139943204,0.3794801704461135,1.0,1.0,1.0
Masthead Island,23069100104,2010,0.629436031682868,0.735071322939529,0.4862550280897214,0.8378302972827967,1.0
