reef_name,reef_id,year,survival_rate_Tabular_Acropora,survival_rate_Corymbose_Acropora,survival_rate_Corymbose_non_Acropora,survival_rate_Small_Massives,survival_rate_Large_Massives
Agincourt Reef No.1,15099103104,2010,0.889498168891644,0.8641124923429144,0.6655020545346388,0.8507673616276322,0.6400756708738953
Agincourt Reef No.1,15099103104,2011,0.15461912555162113,0.6506720323345636,0.39507919325010277,1.7258235303279728,1.609013652370818
Arlington Reef,16064100104,2010,0.5143251116351553,0.6571989582285629,0.8602576800673335,1.0961998753971531,1.4740165708530424
Ben Reef,20113100104,2007,0.15379069227092135,0.23572327479934171,0.14922261913047938,0.2675044197860263,0.20593973426580922
Boult Reef,23079100104,2008,0.1329707544419803,0.5553492060120826,2.0985675148350493,12.85139944415487,3.70939956788828
Bowden Reef,19019100104,2007,0.5994866716598086,0.7983604158330209,0.9319076045622267,1.2394704254506237,1.3149048155576069
Broomfield Reef,23048100104,2008,0.2998642218970992,0.5037538092251244,0.8569770076701191,1.1132951351513842,0.8788227176817189
Broomfield Reef,23048100104,2009,0.6162883451140712,0.9863350604130141,0.5246372202380525,1.8747667792104274,2.2767665882829453
Carter Reef,14137100104,2011,0.4701517844741355,0.6966569791040428,0.923237720189322,1.324200626091049,1.3156978215993849
Carter Reef,14137100104,2013,0.8167050434383516,0.8658280392080723,0.7835734888166642,0.8032058422073264,0.6311790442563325
Carter Reef,14137100104,2015,0.0711682715700089,0.28631229348719844,1.4534335808610206,1.2079688262162855,0.8064732019497821
Chicken Reef,18086100104,2010,0.2731343661478714,0.5324289825418769,0.2689558426894187,0.7969735310219282,0.765645393647656
Chinaman Reef (22-102),22102100104,2008,0.7566095460305989,0.7953273420413127,1.1370683000779827,0.9283370772767541,1.0238313619320727
Chinaman Reef (22-102),22102100104,2017,0.8547173000725999,0.7360121760561129,1.0904355320718984,0.8230715531515128,1.65190499394528
Chinaman Reef (22-102),22102100104,2018,0.3839945978382655,0.40802074549742307,1.1973989609096543,0.9971332383083109,1.5356268461826632
Chinaman Reef (22-102),22102100104,2019,0.9413312174662567,1.2801407883023954,0.8517201170744005,1.1070225642716671,0.9689839905675204
Creal Reef,20297100104,2007,0.13141556868068022,0.1750113772644109,0.21581685694193645,0.27170864428477465,0.28824488060599673
Creal Reef,20297100104,2009,0.45231055109878443,0.6023600802684838,0.7428057609902168,0.935176005921872,0.9920909836420977
Credlin Reef East,20287100104,2017,0.3055030023850972,0.40685058659787793,0.4749072574891599,0.63164362819659,0.7406746182838234
Davies Reef,18096100104,2009,0.17312086380347494,0.43698965380099125,0.3182405039454086,0.7873478256107268,0.7272553297377061
Dip Reef,18039100104,2007,0.05397913014469219,0.6955859598241737,0.18100614643144539,0.7285088844777006,0.6954858603121634
East Cay,21305100104,2014,0.7369507660991764,1.1921595959199633,0.5858199705458199,0.7791615011780008,0.8265814084459255
Erskine Island,23068100104,2008,0.6717554056119611,0.7448998941820663,0.24145817945024897,1.1364334745539713,NaN
Erskine Island,23068100104,2020,0.7785745350203862,0.9157628341798926,1.1539968432049656,0.9476994645085951,NaN
Fairfax Island,23081100104,2006,1.0557572051820099,1.0397860762609223,1.7461074743726726,0.8664902853126283,Inf
Fairfax Island,23081100104,2008,0.3046090857614703,0.3538099090525119,0.5713497988330564,1.5064948190026302,1.6395993188777933
Fairfax Island,23081100104,2010,1.0604491097883104,1.0220852182388618,0.27621760543495555,1.0024071436748931,3.08026855766476
Fairfax Island,23081100104,2012,1.1119094714831332,1.0281105072404473,1.87827036937951,0.8807774420527235,0.8254177326267295
Farquharson Reef,17063101104,2010,0.6122264829810938,0.6122264829810938,0.8449495018733424,1.029599305606534,0.696148183303303
Farquharson Reef,17063101104,2016,0.5562764968730632,0.5562764968730632,0.1736943038767507,1.1130831743777576,0.8397437598346693
Fitzroy Island,16054101104,2010,0.6008414855474857,0.8658299407140683,1.4980939167145124,0.8391788503116298,0.6701650368455532
Fitzroy Island,16054101104,2012,1.2151089823814012,0.9590497809132308,1.3063532089747525,0.7163685828566048,0.976265272343003
Fork Reef,18083100104,2010,0.06072550339412152,0.2579239903601346,0.17584184267208,0.9732584570140607,0.6679971751378463
Forrester Reef,15009100104,2009,0.11026436536746038,0.6106242323714344,0.5174520795404289,0.9409273797439315,0.3789064334950746
Forrester Reef,15009100104,2013,0.11026436536746038,0.6106242323714344,0.5174520795404289,0.9409273797439315,0.3789064334950746
Gannet Cay,21556100104,2009,0.3565156089270724,0.4627077182060729,0.35464333454125785,1.277212042864055,1.6314891916673626
Gannet Cay,21556100104,2017,0.5503394930451907,0.5956151098828019,0.6231403608868462,0.7187871406615656,1.1029269081769493
Gannet Cay,21556100104,2019,0.09485568565408964,0.17579605809312088,0.06317278825362506,0.8584758104343545,1.9389241919465663
Green Island,16049100104,2012,0.0580210967847401,0.09224292996059616,NaN,0.7826323882120635,1.6009301517402692
Grub Reef (18-077),18077100104,2008,0.22556574021680229,0.7444401961498013,0.244643099801487,0.7266207290834255,0.9964862096755284
Harrier Reef,15025100104,2015,0.08193381895674708,0.45373475953898806,0.38450160088047197,0.6991721516418075,0.28155289353974544
Hedley Reef,17014100104,2010,0.4719179598221685,0.6134201150910573,1.4121202437420521,1.7033045177157944,1.3078323821427307
Helix Reef,18076100104,2006,0.3302366734954451,0.33600279270786265,0.7113894625144265,1.2480005674677053,0.8252090557020092
Helix Reef,18076100104,2010,0.09074069087648304,0.32663491240495823,0.421116334898938,0.7437299596654957,0.9879830147654748
Helsdon Reef,14135100104,2010,0.09487515337073733,0.5254015429650761,0.44523310178043146,0.8096054347788026,0.32602378720635145
Helsdon Reef,14135100104,2011,0.09487515337073733,0.5254015429650761,0.44523310178043146,0.8096054347788026,0.32602378720635145
Helsdon Reef,14135100104,2013,0.09487515337073733,0.5254015429650761,0.44523310178043146,0.8096054347788026,0.32602378720635145
Horseshoe Reef,22104101104,2017,0.011715760220637639,0.08617675517892959,0.423348152993797,0.554231705670548,1.593439484296623
Hoskyn Island,23080100104,2006,0.7481494578051333,0.8262687472546976,1.0762358986743013,1.5203426740692076,3.804320414178129
Hoskyn Island,23080100104,2008,0.21918193020137614,0.41046639147474084,0.8359523575375168,1.2467893474303393,1.8445184383189581
Hyde Reef,19207100104,2007,0.05401703163641314,0.20634281704653712,0.4519939920497338,0.37721648086392684,0.4496855820013056
Hyde Reef,19207100104,2009,1.113576656371922,2.2002993465001794,0.11738443738204042,1.0575503794995567,0.5822162998362662
Jenkins Reef,21584100104,2008,0.5644171704619728,0.5724667649115677,0.8773917389067296,1.1669623754389815,1.2379839127516055
Jenkins Reef,21584100104,2016,0.06469961974749557,0.06930582763517429,0.2081841864668243,0.06456120184949543,1.640776508747508
John Brewer Reef,18075100104,2017,0.2459015520847726,0.2199906449652208,0.7935759389332286,0.3460822481341345,0.7393820307447945
Knife Reef,18081100104,2010,0.062196396630249055,0.26317187147516424,0.1404482614127339,0.5429850228007872,0.4943835867679261
Lady Musgrave Island,23082101104,2007,0.48022484697120155,0.5358928401484333,1.0346009656676851,7.998260353714276,19.272537286445257
Lady Musgrave Island,23082101104,2009,0.21876326721559394,0.5464470563437905,0.0,2.1421322437117696,1.1628521764167357
Linnet Reef,14126100104,2011,0.5134527980543467,0.5442325887171056,0.7821391161271031,1.0028248996157212,0.8556699584545695
Linnet Reef,14126100104,2013,0.0,0.06925300258346592,0.09599931503197902,0.3156845672563384,1.215870713438984
Little Kelso Reef,18031100104,2010,0.4331540906181978,0.9170239910794479,0.8769447012485911,1.334009595662494,1.66208899915154
Little Kelso Reef,18031100104,2016,0.34370651150677906,0.4577277301117116,0.5342949675993538,0.7106314054788659,0.7538805589580039
Little Kelso Reef,18031100104,2018,0.34370651150677906,0.4577277301117116,0.5342949675993538,0.7106314054788659,0.7538805589580039
Lizard Isles,14116101104,2013,0.14323611840927872,0.7932158731431891,0.6721829585576425,1.2222877729390798,0.4922087620354117
Lizard Isles,14116101104,2015,0.2029640626505772,1.123978490620962,0.9524761326156261,1.7319688279668668,0.6974546024031802
Macgillivray Reef,14114100104,2013,0.21590040993700552,0.21590040993700552,0.569240813569187,0.8944539562968057,0.9430033859830366
Macgillivray Reef,14114100104,2015,1.1669470438907332,1.1669470438907332,0.41116783365811765,0.9063966119214056,0.8721277844306053
Mackay Reef,16015100104,2013,0.05079598469406431,0.937492209381014,0.3203774275443637,0.4724302402888767,0.6211667130614922
Martin Reef,14123100104,2013,0.05183682351496491,0.05183682351496491,0.05156661760467153,0.43654446229061183,1.6496946493725153
Martin Reef,14123100104,2015,0.4437802285057227,0.4437802285057227,0.666133565479295,0.5752429889943163,0.5772005273185592
Michaelmas Cay,16060100104,2009,0.28550430874058047,0.40704729653668426,0.7568728741426243,1.0718137773149308,1.5084746429003126
Michaelmas Cay,16060100104,2017,0.16983922320363978,0.1891367943561877,1.4486600928096975,2.46387183096461,1.9805616675535052
Moore Reef,16071100104,2010,0.24377817815172298,0.7804153754296115,1.385594480835272,1.534696351588458,1.4013794416014325
Myrmidon Reef,18034100104,2007,0.16871206142227277,0.5355798309749769,0.1880823996517477,0.7654612210382028,0.7807921068671108
No Name Reef,14139100104,2013,0.5669209996130353,0.9250626595097328,1.2389138857861572,1.1576780753780718,0.7332376911801205
No Name Reef,14139100104,2015,0.42365906627087085,0.4054682911784261,0.8159762217854393,0.9545652413480576,0.7245096025543362
North Island,23045101104,2008,0.034592568483656515,0.5051422093645469,0.20380779281296968,1.318265903078641,1.5822872408792548
North Direction Island,14143100104,2010,0.9042049449865844,0.9042049449865844,0.5892074343661341,0.7637013275550464,0.8908340835138353
North Direction Island,14143100104,2013,0.04998801927872703,0.04998801927872703,0.2534309939540143,0.23733920387094928,0.49512486694238717
North Direction Island,14143100104,2015,0.4978265132073172,0.4978265132073172,1.2250874083285863,0.8927189965955413,0.6825234820135443
One Tree Island,23055101104,2007,0.5640080006775432,0.5988642375728235,0.25235224197353084,2.9681014625720734,4.857478140053721
One Tree Island,23055101104,2009,0.041822303495162215,0.33322469646268704,0.0,5.219686768330135,8.223524471931286
Peart Reef,17024100104,2010,0.47651389406445227,0.6229180860146607,0.8296297720888969,1.1915867701101042,0.9054175436050677
Peart Reef,17024100104,2014,0.5129749812521075,0.48885669549888017,0.38030023664645957,0.3781107480696952,0.22471225477926865
Peart Reef,17024100104,2016,0.2700437047970099,0.2531087305388628,0.09528176812772816,0.8876960495159114,0.9367382330126881
Pickersgill Reef,15093100104,2011,0.19767973259214383,1.0947148207601243,0.9276776624244463,1.6868756483252496,0.6792958196524777
Pompey Reef No.1,20351101104,2006,0.494618458245172,0.7087392445180545,0.670861840805132,0.7296885001568219,1.0712987984445193
Pompey Reef No.1,20351101104,2014,0.6439981105403101,1.0312458464573666,0.5457778961618955,0.6078921319898455,0.4640945820159966
Pompey Reef No.2,20351102104,2006,0.187847808734915,0.5161323080313792,0.33412596154016805,0.6897303413733524,0.7776025650179397
Pompey Reef No.2,20351102104,2014,0.09975746955979575,0.3741967420895353,0.08385736285673852,1.1381046226226925,1.6498996679909363
Rebe Reef,19209100104,2005,0.1853411102020322,0.5642022419701528,0.21092488808445872,0.6329811740117496,1.0403958310829762
Rebe Reef,19209100104,2009,0.0,0.18330619781345417,0.16151141153343138,1.0692294724139,0.3571627997101739
Reef 19-131,19131101104,2007,0.8097147845021373,1.0082488201730775,1.1419880140003715,0.8255023921936208,0.8613699131109045
Reef 19-131,19131101104,2017,0.26923367270443416,0.5571440096093934,0.7476874069778449,0.8284535778278925,0.6290418969509923
Reef 19-138,19138100104,2010,0.26826979438307075,0.8176636833433073,0.7957896551207845,1.2450200323640255,1.3478261461016328
Reef 19-138,19138100104,2017,0.14726638533411732,0.5138078468875663,0.397843828134612,0.7117432330962653,0.6508296169100836
Reef 20-104,20104100104,2007,0.47960550833697596,0.7873230216026196,0.48461287201531295,0.9941282537269358,1.311250972896518
Reef 20-104,20104100104,2009,1.4951048894013497,0.46492998126510054,0.9733303820917001,0.37612090217785193,0.3668091844118755
Reef 20-104,20104100104,2017,0.645680521592577,0.9384640517817012,1.0831861435826717,1.2639581308218932,1.058664165958795
Reef 20-348,20348100104,2005,0.2561890143644448,0.26124382218705655,0.8676578781662032,0.4788544833274455,0.5309814625811116
Reef 20-353,20353100104,2008,0.03319958566297543,0.197624190840544,0.09948533644702133,0.2030545131164604,0.9497819521368327
Reef 21-060,21060100104,2006,0.24859410584535596,0.3510681124942546,0.35034403053776136,1.3353023946388325,1.2407849836165614
Reef 21-060,21060100104,2012,0.5464494686956406,0.5512827733568475,0.25284046704146673,0.7174324907305394,0.508002839630657
Reef 21-062,21062100104,2008,0.3503367948342101,0.41203206537204273,NaN,1.041717319828456,1.5100715092450256
Reef 21-062,21062100104,2014,0.0,0.8145286133275899,NaN,0.7096462873900858,1.988120365608978
Reef 21-064,21064100104,2008,0.16769409518661066,0.2409468842569345,0.17698388273595433,0.639438643356815,0.4733255280196087
Reef 21-064,21064100104,2012,0.40593701986880526,0.450948779446154,0.9108496698121066,0.9385362148734223,1.507071882107293
Reef 21-064,21064100104,2016,0.0,0.46679729884699084,0.5960703378752846,0.8461816402765635,1.1693607945508258
Reef 21-139,21139100104,2008,0.23467318232874204,0.48358435739704103,0.5851334085259935,0.7036282729942304,0.5042817231266344
Reef 21-187,21187100104,2008,0.13080972831624457,0.2765061280835793,0.15511659372144668,0.41971720633945303,0.25443040237261133
Reef 21-245,21245100104,2008,0.2724727985680832,0.4419410243254356,0.2884490161215024,0.4992915189766019,0.5660728378078086
Reef 21-296,21296100104,2014,0.8028043507190221,0.7545408308675987,0.7565087247893766,0.7516973643618048,0.7987352064358129
Reef 21-529,21529100104,2009,0.04968772432798615,0.08097366221256126,0.0,1.0483856644573395,1.0269660408633494
Reef 21-550,21550100104,2008,0.051113848960044686,0.3451720495234405,0.1394119328367354,0.911714663527159,0.47725056242037645
Reef 21-558,21558100104,2008,0.469476683922263,0.4204228264497322,0.5158774009024621,0.9445068654719847,0.7421256620008637
Reef 21-558,21558100104,2014,1.2112450594600594,1.2041277035410058,1.1037981807757187,1.039115606515704,1.0003057000964952
Reef 21-558,21558100104,2018,1.7388463782597272,1.69694395006934,0.5663315109407868,0.6261239726412245,0.8190210605159551
Reef 21-591,21591100104,2008,0.430652303383083,0.5317110555319624,0.565895778547496,0.8964847832850306,0.5265207933628603
Reef 21-591,21591100104,2012,0.34028358626390537,0.5785459729587801,0.4581819481425211,0.9546381295426706,0.7473855131895443
Reef 22-084,22084100104,2008,0.11078981008668866,0.25440977464215214,0.18306487220535747,0.5977744622807518,0.5536261574864133
Reef 22-084,22084100104,2018,0.20267356316163723,0.23732813917274648,0.37395477801332094,0.5064468167443873,0.44125545875282435
Reef 22-084,22084100104,2020,0.19754571353838854,0.20036306737250087,0.30708664829092946,0.4084362191530424,0.43329371995078064
Rib Reef,18032100104,2010,0.1829952374455011,0.38832525250170324,0.2824978689012718,2.329128736078975,1.0446011009946057
Rib Reef,18032100104,2016,0.8236024671313532,0.8971052699233333,0.39867953292022595,0.9841957153495728,0.702092583150829
Rib Reef,18032100104,2017,0.17268951458779752,0.2608801561117612,0.9385476557077844,1.9094586165152174,5.031862494491161
Rib Reef,18032100104,2018,0.520075274130957,0.8089560967698851,1.022129400724228,0.9373796549463642,0.5683320333814824
Roxburgh Reef,18042100104,2010,0.0924208190714971,0.26501412288211207,0.3290942579708891,0.4052667463472264,0.4158569947291812
Slate Reef,19159100104,2007,0.08773361307345709,0.4748053584316891,0.42935991539522406,0.6368097465501106,NaN
Slate Reef,19159100104,2009,0.13909897112030126,0.6327091180658171,0.4625946534448887,0.7484043390384205,NaN
Slate Reef,19159100104,2017,1.0515190005858472,1.132158999371674,1.8945489595485439,1.490577875536995,NaN
Small Lagoon Reef,21572100104,2018,0.3528444722150171,0.4585339141544246,0.4620651849694854,0.8563699673114972,0.48153570638541465
Small Lagoon Reef,21572100104,2020,0.3246979670036185,0.3293287385140737,0.5047460084455011,0.6713302335657405,0.712187510746032
Snake Reef,22088101104,2009,0.21642842242002694,0.6869398677386117,0.5253263155654239,1.2256707566230043,0.6718474617781274
Snake Reef,22088101104,2019,0.9532270686037955,0.8992840598830275,0.445571104252679,1.1259250439708697,0.5099435093275109
Snake Reef,22088101104,2021,0.34727662000964216,0.6173933476816371,2.2982932023779794,0.6556366539149926,2.9513203290536487
St. Crispin Reef,16019100104,2011,0.24139341394231176,0.4613788533434909,0.7253914413732874,1.731122136753642,2.1377174542953874
Startle Reef East,15028100104,2011,0.12002852102669685,0.6646963710384197,0.5632736161174613,1.0242485993350476,0.4124594438860802
Startle Reef East,15028100104,2013,0.12002852102669685,0.6646963710384197,0.5632736161174613,1.0242485993350476,0.4124594438860802
Swinger Reef,15030100104,2009,0.12951813918805646,0.7172481703977825,0.6078067944954076,1.1052270870049503,0.44506904863706315
Swinger Reef,15030100104,2010,0.12951813918805646,0.7172481703977825,0.6078067944954076,1.1052270870049503,0.44506904863706315
Taylor Reef,17064100104,2010,0.6395175306935497,0.6395175306935497,0.971516667897694,0.927687836931997,0.8522613110311624
Taylor Reef,17064100104,2016,0.47376261323657015,0.47376261323657015,0.5123166648966404,0.627427239819155,0.5842394666646018
Taylor Reef,17064100104,2017,0.07624218314338549,0.07624218314338549,0.8728226024554366,2.6686816243055786,2.077847703180424
Tern Island,20309100104,2008,0.4962193520959555,0.5803569417634132,0.6117198109886743,0.7870753178058819,1.329364265269643
Tern Island,20309100104,2010,0.5366548158280675,0.7265767495193947,1.779413192824912,0.5133257142512427,0.7687263337252386
Thetford Reef,16068100104,2010,0.3073016053684106,0.4339052101488339,0.7155194399169731,1.94537479753399,1.2800136498966572
Turner Cay,21562100104,2009,0.5480353301986189,0.5480353301986189,0.6916156776284609,0.9358197039689569,0.8729057917916471
Turner Cay,21562100104,2017,0.05405950307268371,0.05405950307268371,0.20314985492568696,0.18225191559826787,0.7923969205016153
Wade Reef,21588100104,2016,0.188699889825271,0.22881027585736757,1.2630695429107515,0.7366088543154186,3.935822606106825
Wade Reef,21588100104,2018,0.5507373059235471,0.7310151833278291,1.035856612624361,0.690603763107288,0.6497276628727301
Wreck Island,23051100104,2007,0.49033803639271734,0.785241729684906,0.904801218293868,2.36566592919549,3.8434831066429096
Wreck Island,23051100104,2009,0.2998603728175055,0.5897456655560728,4.3676438917782745,1.2059184720663603,1.1433468590690807
Yonge Reef,14138100104,2013,0.7174982596823176,0.7246295250652449,1.0035368743784059,1.1563154424499573,0.992080958542682
Yonge Reef,14138100104,2015,0.3210281597978341,0.3618877431524619,1.8599045988746608,0.6000241106610774,0.34749366668829784
