# Raw per-reef, per-year manta tow cover, cached from ReefMonitoring.get_manta_tow -
# read by 03_a_create_cover_manta_csv.jl and base/generate_clean_growth_intervals.jl
# instead of each hitting the API independently. Delete this file and re-run to force
# a fresh pull (e.g. after a new manta tow survey has landed).
# Generated: 2026-07-30T14:42:55.845
reef_name,report_year,mean
Agincourt Reef No.1,2026,0.44103132527668587
Agincourt Reef No.1,2025,0.33958768119513494
Agincourt Reef No.1,2024,0.44620042550939654
Agincourt Reef No.1,2023,0.44712236195030125
Agincourt Reef No.1,2020,0.26468321562908487
Agincourt Reef No.1,2019,0.13203334271930467
Agincourt Reef No.1,2018,0.17792723057904014
Agincourt Reef No.1,2017,0.13279153925339923
Agincourt Reef No.1,2016,0.1821063750962731
Agincourt Reef No.1,2015,0.12834283165718646
Agincourt Reef No.1,2014,0.12438842126104198
Agincourt Reef No.1,2013,0.10935225095156788
Agincourt Reef No.1,2012,0.11112356331642735
Agincourt Reef No.1,2011,0.1806396759108299
Agincourt Reef No.1,2010,0.22500673296192308
Agincourt Reef No.1,2009,0.15493858566132696
Agincourt Reef No.1,2008,0.19413455972053276
Agincourt Reef No.1,2007,0.21393058233761889
Agincourt Reef No.1,2006,0.1841769053029945
Agincourt Reef No.1,2005,0.3129701245551143
Agincourt Reef No.1,2004,0.27507796471940865
Agincourt Reef No.1,2003,0.17856648889029145
Agincourt Reef No.1,2002,0.2779907616491324
Agincourt Reef No.1,2001,0.3453234850222939
Agincourt Reef No.1,2000,0.25113773045136234
Agincourt Reef No.1,1999,0.17491936366950986
Agincourt Reef No.1,1998,0.24389610363706918
Agincourt Reef No.1,1997,0.3008005688881302
Agincourt Reef No.1,1996,0.15034662826238002
Agincourt Reef No.1,1995,0.21247085679563502
Agincourt Reef No.1,1994,0.15616501762007523
Agincourt Reef No.1,1989,0.11824346633614591
Arlington Reef,1986,0.12370857007884901
Arlington Reef,1990,0.11460389739186547
Arlington Reef,2006,0.09530894108054729
Arlington Reef,2008,0.11509884264583153
Arlington Reef,2010,0.14059874379004386
Arlington Reef,2012,0.12060445616109515
Arlington Reef,2014,0.14607122901894623
Arlington Reef,2016,0.15578424469468927
Arlington Reef,2017,0.15581783498806195
Arlington Reef,2018,0.09527457916373705
Arlington Reef,2024,0.3025943190152201
Ben Reef,1986,0.48623982252445336
Ben Reef,1987,0.27749347200698604
Ben Reef,1988,0.5731052310717012
Ben Reef,1989,0.42724126718041433
Ben Reef,1990,0.46900536390504716
Ben Reef,1994,0.3248951656579052
Ben Reef,1995,0.40416170968940773
Ben Reef,1996,0.4469515636433808
Ben Reef,1998,0.37678382204306504
Ben Reef,1999,0.34120277213406097
Ben Reef,2000,0.45901791665564984
Ben Reef,2001,0.40599354801852927
Ben Reef,2002,0.46578978431867535
Ben Reef,2003,0.6102031468347465
Ben Reef,2004,0.5683860919169239
Ben Reef,2005,0.6017807717456937
Ben Reef,2006,0.6310734598157902
Ben Reef,2007,0.41052103611152957
Ben Reef,2011,0.09138724812391973
Ben Reef,2013,0.08944290239525418
Ben Reef,2017,0.2292456078479819
Ben Reef,2020,0.37210357297556246
Ben Reef,2021,0.6038173399783673
Ben Reef,2023,0.42879492787652607
Ben Reef,2026,0.6297612414242703
Boult Reef,1991,0.21136841899936432
Boult Reef,2006,0.5327569056781443
Boult Reef,2008,0.24753271952747294
Boult Reef,2010,0.1204442807090163
Boult Reef,2012,0.16210793714425706
Boult Reef,2014,0.18347847352332253
Boult Reef,2016,0.3617899072149039
Boult Reef,2018,0.3996861188737792
Boult Reef,2020,0.4816404001070489
Boult Reef,2021,0.6111667586391639
Boult Reef,2026,0.2222131554683403
Bowden Reef,1986,0.22180997984157555
Bowden Reef,1987,0.20601230272170298
Bowden Reef,1988,0.2157088049801567
Bowden Reef,1989,0.2126683300739672
Bowden Reef,1990,0.1683336732025512
Bowden Reef,1991,0.12718133038244384
Bowden Reef,1992,0.14622295174060457
Bowden Reef,1993,0.16813647415889302
Bowden Reef,1994,0.15460113217533555
Bowden Reef,1995,0.1753726499439991
Bowden Reef,1996,0.15794511152989724
Bowden Reef,1997,0.1972243735382921
Bowden Reef,1998,0.20012305252776288
Bowden Reef,1999,0.21375080224121965
Bowden Reef,2000,0.17820611096732397
Bowden Reef,2001,0.14640755551029294
Bowden Reef,2002,0.17933683495731242
Bowden Reef,2003,0.23677516670971574
Bowden Reef,2004,0.15617828868950262
Bowden Reef,2005,0.17318425119532166
Bowden Reef,2007,0.16432985242701542
Bowden Reef,2011,0.14886284046146184
Bowden Reef,2015,0.243337128003429
Bowden Reef,2018,0.236532262988381
Bowden Reef,2021,0.29852594557318324
Bowden Reef,2022,0.270754522126542
Bowden Reef,2023,0.27988795855336
Bowden Reef,2025,0.27194587828476485
Broomfield Reef,2026,0.16127130702547837
Broomfield Reef,2025,0.24891474764243054
Broomfield Reef,2024,0.5811663661345191
Broomfield Reef,2023,0.5756922816873091
Broomfield Reef,2022,0.6355586720345061
Broomfield Reef,2021,0.5911025334332883
Broomfield Reef,2020,0.5067188422817305
Broomfield Reef,2019,0.5444239098978991
Broomfield Reef,2018,0.49053425228482994
Broomfield Reef,2017,0.44567303656795326
Broomfield Reef,2016,0.5041898836888489
Broomfield Reef,2015,0.408781855846611
Broomfield Reef,2014,0.32408382290200644
Broomfield Reef,2013,0.32210699479811705
Broomfield Reef,2011,0.2095578906138082
Broomfield Reef,2010,0.1873580625471469
Broomfield Reef,2009,0.1849598671481191
Broomfield Reef,2008,0.3981406171112813
Broomfield Reef,2007,0.2271603611001424
Broomfield Reef,2006,0.365176757814976
Broomfield Reef,2005,0.3094644030387087
Broomfield Reef,2004,0.26150499759836493
Broomfield Reef,2003,0.3669156020423868
Broomfield Reef,2002,0.3644728998437737
Broomfield Reef,2001,0.3634785957547324
Broomfield Reef,2000,0.4158577752626576
Broomfield Reef,1999,0.38044610128726464
Broomfield Reef,1998,0.3106544975154123
Broomfield Reef,1997,0.3127469384552573
Broomfield Reef,1996,0.2536781242466333
Broomfield Reef,1995,0.22918563293549435
Broomfield Reef,1993,0.22487398699707953
Broomfield Reef,1990,0.20795740205382393
Broomfield Reef,1988,0.4747543709930041
Broomfield Reef,1986,0.47229000398622545
Carter Reef,1986,0.24279880955694874
Carter Reef,1990,0.24157584165845636
Carter Reef,1991,0.14305210799842843
Carter Reef,1993,0.1907519591735069
Carter Reef,1995,0.20584935177017702
Carter Reef,1996,0.19186112391031895
Carter Reef,1998,0.1978205431622875
Carter Reef,1999,0.2770003325256253
Carter Reef,2000,0.29457037425073135
Carter Reef,2001,0.26715484499764486
Carter Reef,2002,0.297460936445503
Carter Reef,2003,0.2877691106980034
Carter Reef,2004,0.19854904330692555
Carter Reef,2005,0.24949343983591268
Carter Reef,2006,0.16394604289493903
Carter Reef,2007,0.19182227011575914
Carter Reef,2008,0.16861992858300298
Carter Reef,2009,0.1789337935529524
Carter Reef,2011,0.22124209961722904
Carter Reef,2013,0.17301402883503159
Carter Reef,2015,0.1391620790963517
Carter Reef,2017,0.10567361579333691
Carter Reef,2019,0.1205067165422094
Carter Reef,2021,0.17604529645627398
Carter Reef,2022,0.27130189087827417
Carter Reef,2023,0.28922413265654473
Carter Reef,2024,0.26579647508658183
Carter Reef,2025,0.26575613069956516
Carter Reef,2026,0.2588269544619071
Chicken Reef,2026,0.2547736221402849
Chicken Reef,2025,0.32298508545085725
Chicken Reef,2024,0.2638925041823262
Chicken Reef,2023,0.32843548316286764
Chicken Reef,2022,0.3456946162461004
Chicken Reef,2021,0.29165378235388395
Chicken Reef,2020,0.18737826476456113
Chicken Reef,2018,0.2006117577822446
Chicken Reef,2017,0.16888805407877483
Chicken Reef,2016,0.14962577683947806
Chicken Reef,2015,0.14001244487014697
Chicken Reef,2014,0.102248587087251
Chicken Reef,2013,0.09979372195941787
Chicken Reef,2012,0.07889581458147807
Chicken Reef,2011,0.08431000985515667
Chicken Reef,2010,0.13652823148587853
Chicken Reef,2009,0.14467910274510243
Chicken Reef,2008,0.10614169967344211
Chicken Reef,2007,0.11908915286849522
Chicken Reef,2006,0.13304798853565725
Chicken Reef,2005,0.11906119219327016
Chicken Reef,2004,0.12153276664016786
Chicken Reef,2003,0.20019080845850437
Chicken Reef,2002,0.18860170316239275
Chicken Reef,2001,0.19213426912862394
Chicken Reef,2000,0.1862621189897819
Chicken Reef,1999,0.19760973369157855
Chicken Reef,1998,0.2598756283619631
Chicken Reef,1997,0.16050316594073927
Chicken Reef,1996,0.18587442009395683
Chicken Reef,1995,0.1845713028894668
Chicken Reef,1994,0.22210515793633367
Chicken Reef,1990,0.18872770393982097
Chicken Reef,1989,0.2412224648717161
Chicken Reef,1986,0.32077246034823265
Chinaman Reef (22-102),2026,0.20073756052430689
Chinaman Reef (22-102),2025,0.18879740249431165
Chinaman Reef (22-102),2024,0.18041111910726793
Chinaman Reef (22-102),2023,0.17438004948694655
Chinaman Reef (22-102),2022,0.22104222559584372
Chinaman Reef (22-102),2021,0.14924870269117185
Chinaman Reef (22-102),2020,0.10399345032025027
Chinaman Reef (22-102),2019,0.10389129134645504
Chinaman Reef (22-102),2018,0.20211687607681808
Chinaman Reef (22-102),2017,0.470790722776956
Chinaman Reef (22-102),2016,0.38677421887380636
Chinaman Reef (22-102),2015,0.44391900842096227
Chinaman Reef (22-102),2014,0.35870592841323945
Chinaman Reef (22-102),2013,0.24858118736043436
Chinaman Reef (22-102),2012,0.24350881585429993
Chinaman Reef (22-102),2011,0.2225895960578149
Chinaman Reef (22-102),2010,0.18205503451228588
Chinaman Reef (22-102),2009,0.18872331630526412
Chinaman Reef (22-102),2008,0.1935982740878966
Chinaman Reef (22-102),2006,0.161400633808658
Chinaman Reef (22-102),2005,0.1729115222721111
Chinaman Reef (22-102),2004,0.15380561186555913
Chinaman Reef (22-102),2003,0.14401961215387066
Chinaman Reef (22-102),2002,0.17700660784423683
Chinaman Reef (22-102),2001,0.17862338305459494
Chinaman Reef (22-102),2000,0.2839170622338014
Chinaman Reef (22-102),1999,0.3414265369037594
Chinaman Reef (22-102),1998,0.37557434216367414
Chinaman Reef (22-102),1997,0.2667555432407723
Chinaman Reef (22-102),1996,0.288043268226093
Chinaman Reef (22-102),1995,0.2817802363280315
Chinaman Reef (22-102),1994,0.23073939664453133
Chinaman Reef (22-102),1993,0.22682012482222177
Chinaman Reef (22-102),1990,0.21187099272619342
Chinaman Reef (22-102),1988,0.3803865149432715
Chinaman Reef (22-102),1987,0.352041384084107
Chinaman Reef (22-102),1986,0.23816629576792878
Creal Reef,1986,0.4281802021926039
Creal Reef,1988,0.47695740466341197
Creal Reef,1989,0.4662200847276431
Creal Reef,1990,0.5387758389479665
Creal Reef,1994,0.7410236953455727
Creal Reef,1997,0.5387932952691419
Creal Reef,2000,0.5189436094320335
Creal Reef,2003,0.5547836368947884
Creal Reef,2007,0.6962987910361156
Creal Reef,2009,0.13576564298005972
Creal Reef,2013,0.09196415262431265
Creal Reef,2017,0.17086265892523117
Creal Reef,2019,0.25193407550352787
Creal Reef,2021,0.47099886598048385
Creal Reef,2024,0.691476704672842
Creal Reef,2025,0.5935704529072893
Creal Reef,2026,0.6242098095897977
Credlin Reef East,1986,0.3504284980882954
Credlin Reef East,1987,0.1888942021845111
Credlin Reef East,1988,0.3668800895105394
Credlin Reef East,1989,0.2947736378649762
Credlin Reef East,1990,0.3730517698325704
Credlin Reef East,1993,0.5481963171370399
Credlin Reef East,1994,0.4589194035165218
Credlin Reef East,1995,0.4868927085855551
Credlin Reef East,1996,0.5100192212326913
Credlin Reef East,1998,0.3174625163888233
Credlin Reef East,1999,0.2206132279752664
Credlin Reef East,2000,0.242248440294093
Credlin Reef East,2001,0.19496162380676507
Credlin Reef East,2002,0.30276277720393413
Credlin Reef East,2003,0.1530001055881961
Credlin Reef East,2004,0.1170483785803582
Credlin Reef East,2005,0.12063187762807147
Credlin Reef East,2006,0.07422426171020607
Credlin Reef East,2007,0.07291925059633009
Credlin Reef East,2011,0.07866004441925482
Credlin Reef East,2013,0.09881195076503574
Credlin Reef East,2015,0.1741524332919233
Credlin Reef East,2016,0.22788761419184644
Credlin Reef East,2017,0.27833157891883215
Credlin Reef East,2019,0.12967007925013244
Credlin Reef East,2021,0.14233414275299477
Credlin Reef East,2023,0.12813544236910943
Credlin Reef East,2024,0.3491005732923494
Credlin Reef East,2025,0.38773197624808187
Credlin Reef East,2026,0.3656849934527804
Davies Reef,1986,0.1798631758090811
Davies Reef,1987,0.2889408056808864
Davies Reef,1988,0.2769952951734574
Davies Reef,1989,0.22477943755205337
Davies Reef,1990,0.17648982894258405
Davies Reef,1991,0.16094818093437646
Davies Reef,1992,0.16506491771556156
Davies Reef,1993,0.2070744836026168
Davies Reef,1994,0.23634617806743308
Davies Reef,1995,0.2903488133403961
Davies Reef,1996,0.29395359091788026
Davies Reef,1997,0.24245304821462024
Davies Reef,1998,0.3267390599645708
Davies Reef,1999,0.2999756268255353
Davies Reef,2000,0.27994017835772106
Davies Reef,2001,0.16972793069507527
Davies Reef,2002,0.23460550843907585
Davies Reef,2003,0.2447798918091987
Davies Reef,2004,0.24154208944587388
Davies Reef,2005,0.24588736084760643
Davies Reef,2007,0.1979195239232196
Davies Reef,2009,0.203275098940432
Davies Reef,2011,0.13116090290850624
Davies Reef,2013,0.11179644759265028
Davies Reef,2015,0.20803620022267816
Davies Reef,2017,0.2613165679834852
Davies Reef,2019,0.32075959067313403
Davies Reef,2021,0.42014173580113245
Davies Reef,2022,0.5290532777975279
Davies Reef,2023,0.49064801534938296
Davies Reef,2024,0.5013270529043707
Davies Reef,2025,0.5046636403316819
Davies Reef,2026,0.4260322085221492
Dip Reef,1986,0.3409680315331342
Dip Reef,1988,0.11850187227258942
Dip Reef,1990,0.1289378386248252
Dip Reef,1993,0.15451536786974981
Dip Reef,1995,0.17245513402278115
Dip Reef,1996,0.15995830528607252
Dip Reef,1997,0.1508643827348332
Dip Reef,1998,0.19764873436631697
Dip Reef,1999,0.1558307447735292
Dip Reef,2000,0.22362000130947374
Dip Reef,2001,0.19262871501720746
Dip Reef,2002,0.17926333055562363
Dip Reef,2003,0.19939033925285463
Dip Reef,2004,0.18723647410416666
Dip Reef,2005,0.2546984442870833
Dip Reef,2007,0.17883852638358097
Dip Reef,2011,0.1015857898369443
Dip Reef,2015,0.1415250582797901
Dip Reef,2017,0.15219101071750882
Dip Reef,2019,0.16153375603121436
Dip Reef,2021,0.19346364669271024
Dip Reef,2022,0.23734525079404845
Dip Reef,2023,0.33019652213910566
Dip Reef,2025,0.36023176894126824
Dip Reef,2026,0.35504492066808135
East Cay,2026,0.273547555678574
East Cay,2025,0.22589618106946147
East Cay,2023,0.31309436492959936
East Cay,2022,0.46668849846717586
East Cay,2021,0.4500292326086657
East Cay,2018,0.28787977405002574
East Cay,2017,0.32236663530293125
East Cay,2016,0.3053242778988285
East Cay,2015,0.24542680356340096
East Cay,2014,0.29181370539608237
East Cay,2013,0.26489022154527964
East Cay,2012,0.2284088477452971
East Cay,2011,0.20340423209754788
East Cay,2010,0.2912884922869899
East Cay,2009,0.2868596341407312
East Cay,2008,0.29247609756131954
East Cay,2007,0.31215403943560566
East Cay,2006,0.36348851980182617
East Cay,2005,0.26905835293820646
East Cay,2004,0.26466116948358054
East Cay,2003,0.257634001497193
East Cay,2002,0.25405690645827395
East Cay,2001,0.26096955843227
East Cay,2000,0.30302573741814176
East Cay,1999,0.2539607986605534
East Cay,1998,0.23131040399954825
East Cay,1997,0.20334816650110282
East Cay,1996,0.20215318967849993
East Cay,1995,0.23966681084360827
East Cay,1994,0.23829420609578222
East Cay,1992,0.3914385661096371
Erskine Island,2006,0.28680322890743604
Erskine Island,2008,0.19329124099464146
Erskine Island,2010,0.1387938902082039
Erskine Island,2012,0.2429350258204178
Erskine Island,2014,0.23720761881938032
Erskine Island,2016,0.2409683294399881
Erskine Island,2018,0.31624814688847025
Erskine Island,2020,0.41891770670918616
Erskine Island,2021,0.3652041664907682
Erskine Island,2022,0.38618781451875744
Erskine Island,2023,0.469154149964917
Erskine Island,2024,0.4084517150032933
Erskine Island,2025,0.3812714850801322
Erskine Island,2026,0.26914870917548606
Fairfax Island,1991,0.3451734544076061
Fairfax Island,2006,0.5573461385703403
Fairfax Island,2008,0.4408196910681106
Fairfax Island,2010,0.15338986757624687
Fairfax Island,2012,0.14151410365489367
Fairfax Island,2014,0.14871863989834783
Fairfax Island,2016,0.19951160941159665
Fairfax Island,2018,0.25035254918685035
Fairfax Island,2020,0.4010933421921188
Fairfax Island,2021,0.5192520424180526
Fairfax Island,2022,0.5916788683510571
Fairfax Island,2023,0.5273615161561296
Fairfax Island,2024,0.6531269065237959
Fairfax Island,2025,0.4063945481203736
Fairfax Island,2026,0.2125366968687083
Farquharson Reef,2006,0.05697473538422342
Farquharson Reef,2008,0.06873650731002012
Farquharson Reef,2010,0.07739029586105195
Farquharson Reef,2012,0.06235557512516856
Farquharson Reef,2016,0.14328335402726364
Farquharson Reef,2018,0.09676481084317771
Farquharson Reef,2020,0.07837661974296031
Farquharson Reef,2023,0.11020549783434863
Farquharson Reef,2024,0.0784084472504413
Farquharson Reef,2025,0.08521616592431501
Farquharson Reef,2026,0.09199104626122628
Fitzroy Island,2026,0.3496208598448532
Fitzroy Island,2025,0.2732728864166605
Fitzroy Island,2023,0.29213584562546246
Fitzroy Island,2022,0.3430606251109629
Fitzroy Island,2021,0.2874640305252341
Fitzroy Island,2017,0.2115554901047081
Fitzroy Island,2012,0.22350372312302003
Fitzroy Island,2010,0.2936325593781349
Fitzroy Island,2009,0.3010148989768942
Fitzroy Island,2008,0.1978392300052046
Fitzroy Island,2007,0.1805061498284215
Fitzroy Island,2006,0.14375450447166413
Fitzroy Island,2005,0.1418553323663294
Fitzroy Island,2002,0.07833777044400786
Fitzroy Island,1999,0.09796170462116269
Fitzroy Island,1998,0.23857839489061727
Fitzroy Island,1996,0.10842808308836904
Fitzroy Island,1995,0.08438938904517138
Fitzroy Island,1994,0.07601005814153405
Fitzroy Island,1992,0.08391634210197545
Fitzroy Island,1991,0.04988209542538252
Fitzroy Island,1990,0.13491617425030153
Fitzroy Island,1989,0.22958632652032945
Fitzroy Island,1988,0.21588382051551858
Fitzroy Island,1987,0.1982268548324623
Fitzroy Island,1986,0.1883910089102628
Fork Reef,1987,0.10133220785936971
Fork Reef,1988,0.12755343062295427
Fork Reef,1990,0.11686893720648717
Fork Reef,2008,0.1900803886823202
Fork Reef,2010,0.17925103068600462
Fork Reef,2012,0.07726256434428068
Fork Reef,2014,0.11715462007258068
Fork Reef,2016,0.2070190525662133
Fork Reef,2018,0.2095860538515173
Fork Reef,2020,0.346454732524612
Fork Reef,2025,0.4090245759650253
Forrester Reef,1986,0.14819996639748784
Forrester Reef,1987,0.1622002736522297
Forrester Reef,1988,0.20218826622896166
Forrester Reef,1990,0.20854986180042276
Forrester Reef,1994,0.29264612329578643
Forrester Reef,1997,0.1054709231678382
Forrester Reef,2000,0.11795617121463138
Forrester Reef,2003,0.14756721444329812
Forrester Reef,2006,0.18481972959749257
Forrester Reef,2009,0.21398494055679265
Forrester Reef,2013,0.16954296757783568
Forrester Reef,2015,0.07859872730616282
Forrester Reef,2021,0.2588667420462756
Forrester Reef,2023,0.4017933549824488
Forrester Reef,2025,0.12800088936293422
Forrester Reef,2026,0.1436982269611708
Gannet Cay,1986,0.699591435281039
Gannet Cay,1987,0.6628107684581434
Gannet Cay,1988,0.7557332243228332
Gannet Cay,1990,0.6733280395931823
Gannet Cay,1991,0.613860107488418
Gannet Cay,1992,0.7364356573588554
Gannet Cay,1993,0.5539468510283098
Gannet Cay,1994,0.32231424177215773
Gannet Cay,1995,0.2617838678670459
Gannet Cay,1996,0.42413417207898235
Gannet Cay,1997,0.3255669631532437
Gannet Cay,1998,0.22049141355608357
Gannet Cay,1999,0.16138956914683517
Gannet Cay,2000,0.2005009145190783
Gannet Cay,2001,0.13920908836287244
Gannet Cay,2002,0.09300636832677169
Gannet Cay,2003,0.08446030650134434
Gannet Cay,2004,0.08324219177820927
Gannet Cay,2005,0.08885326311802266
Gannet Cay,2006,0.09189955204363272
Gannet Cay,2007,0.10803807284090435
Gannet Cay,2008,0.13104038634443801
Gannet Cay,2009,0.12730687389190784
Gannet Cay,2010,0.09606938687974569
Gannet Cay,2011,0.09073939162852115
Gannet Cay,2012,0.1020256738882035
Gannet Cay,2013,0.11629743551086114
Gannet Cay,2015,0.16555267646116806
Gannet Cay,2017,0.46803397456043583
Gannet Cay,2019,0.32249925452240485
Gannet Cay,2021,0.21805825013949826
Gannet Cay,2022,0.10910760189947295
Gannet Cay,2023,0.08467584616772232
Gannet Cay,2024,0.09715647319696272
Gannet Cay,2025,0.11045959064262183
Gannet Cay,2026,0.11310304961448209
Green Island,1986,0.07026047062793007
Green Island,1987,0.07273207865078725
Green Island,1988,0.07054953881268858
Green Island,1989,0.06856895177307248
Green Island,1990,0.09171943372626201
Green Island,1991,0.08008715231663785
Green Island,1992,0.09384247249983631
Green Island,1993,0.10351234618100148
Green Island,1994,0.07515749979361186
Green Island,1995,0.09248169120392977
Green Island,1996,0.13345877065259976
Green Island,1997,0.0875152605916654
Green Island,1998,0.06160195291640164
Green Island,1999,0.06422139647246743
Green Island,2002,0.0645435606438509
Green Island,2003,0.05786531280032366
Green Island,2004,0.06377046059208108
Green Island,2005,0.06028064630376441
Green Island,2006,0.08606393692094325
Green Island,2007,0.07323597541179434
Green Island,2010,0.09088469845242828
Green Island,2012,0.11052819333543668
Green Island,2013,0.08072837216759786
Green Island,2015,0.08026907919849818
Green Island,2017,0.12372269938092842
Green Island,2019,0.06353477040492042
Green Island,2021,0.11910296501833395
Green Island,2022,0.16381460607122325
Green Island,2023,0.17550474962648127
Green Island,2024,0.26563688592467793
Green Island,2026,0.13903381000818674
Grub Reef (18-077),1986,0.31775451730165344
Grub Reef (18-077),1987,0.21695199420677652
Grub Reef (18-077),1988,0.09112010753423573
Grub Reef (18-077),1990,0.09539463029803016
Grub Reef (18-077),2002,0.19192272244088504
Grub Reef (18-077),2003,0.1048447132644089
Grub Reef (18-077),2006,0.08769369345014649
Grub Reef (18-077),2008,0.09813880291728369
Grub Reef (18-077),2012,0.06301651631208895
Grub Reef (18-077),2014,0.06285586067089208
Grub Reef (18-077),2016,0.11433977334345008
Grub Reef (18-077),2018,0.09771161919383989
Grub Reef (18-077),2020,0.1130563634844861
Grub Reef (18-077),2025,0.190176065232126
Harrier Reef,2009,0.20400061179834758
Harrier Reef,2010,0.2448638023045411
Harrier Reef,2015,0.3407018432238091
Harrier Reef,2017,0.12094994764039259
Harrier Reef,2021,0.2962454417082867
Harrier Reef,2026,0.42941428504222895
Hedley Reef,1986,0.15438972132909437
Hedley Reef,1994,0.15248842461289236
Hedley Reef,1997,0.22927594012372415
Hedley Reef,2000,0.14871468852753286
Hedley Reef,2006,0.17106074216088826
Hedley Reef,2007,0.12497713311980443
Hedley Reef,2008,0.1273103382098919
Hedley Reef,2010,0.13216243678855627
Hedley Reef,2012,0.11635091143753944
Hedley Reef,2016,0.1274763714173427
Hedley Reef,2018,0.07676451250735687
Hedley Reef,2023,0.16597884952437086
Hedley Reef,2024,0.21502003429039948
Helix Reef,1986,0.30497533040050306
Helix Reef,1987,0.03633672269530922
Helix Reef,1988,0.056089939899831465
Helix Reef,1989,0.04887427114912528
Helix Reef,1990,0.06564861954559775
Helix Reef,1991,0.07766090456230941
Helix Reef,1993,0.08976312355071248
Helix Reef,1996,0.24980752763884603
Helix Reef,1999,0.28785146426645775
Helix Reef,2002,0.3208987993307096
Helix Reef,2003,0.3963835902403007
Helix Reef,2005,0.3644396149100883
Helix Reef,2006,0.33568624342488723
Helix Reef,2008,0.1629472952688646
Helix Reef,2010,0.1756361526496469
Helix Reef,2012,0.07438261766394925
Helix Reef,2014,0.21618864613482233
Helix Reef,2016,0.2299202241528803
Helix Reef,2018,0.42924691276123256
Helix Reef,2020,0.5035026588589433
Helix Reef,2023,0.5359549060278085
Helix Reef,2024,0.4365515174879953
Helix Reef,2025,0.4515876007829536
Helix Reef,2026,0.41851204205849873
Helsdon Reef,1986,0.178018898416451
Helsdon Reef,1987,0.2092516510530919
Helsdon Reef,1988,0.24166259499939885
Helsdon Reef,1990,0.27910226651019965
Helsdon Reef,1991,0.2728806403678087
Helsdon Reef,1993,0.27220110898165356
Helsdon Reef,1996,0.23626176382293215
Helsdon Reef,1999,0.1209715632945853
Helsdon Reef,2002,0.16224015013019613
Helsdon Reef,2005,0.17185040917469385
Helsdon Reef,2009,0.21192029089021583
Helsdon Reef,2010,0.23877617984021587
Helsdon Reef,2011,0.20679355060311716
Helsdon Reef,2013,0.2493414391459357
Helsdon Reef,2015,0.09846100194879462
Helsdon Reef,2021,0.27426117634246827
Helsdon Reef,2025,0.18674120148240927
Horseshoe Reef,1986,0.28227454179181866
Horseshoe Reef,1991,0.26103336175580005
Horseshoe Reef,1993,0.209709202085755
Horseshoe Reef,1995,0.3133106956997557
Horseshoe Reef,1996,0.23526051341644824
Horseshoe Reef,1997,0.2538075529129247
Horseshoe Reef,1998,0.2713395107626062
Horseshoe Reef,1999,0.18935355998902983
Horseshoe Reef,2000,0.19263947894609607
Horseshoe Reef,2001,0.15814004227005182
Horseshoe Reef,2002,0.15618366049413412
Horseshoe Reef,2003,0.10740730435759999
Horseshoe Reef,2004,0.10134259681289329
Horseshoe Reef,2005,0.09957237269896249
Horseshoe Reef,2006,0.09294694509177993
Horseshoe Reef,2007,0.10092869254938823
Horseshoe Reef,2009,0.10637456375822096
Horseshoe Reef,2011,0.13877460726752466
Horseshoe Reef,2013,0.1781973323029098
Horseshoe Reef,2015,0.22037028249312457
Horseshoe Reef,2017,0.2950809504652813
Horseshoe Reef,2019,0.08955409723505024
Horseshoe Reef,2021,0.09008157502672487
Horseshoe Reef,2022,0.11125424309437189
Horseshoe Reef,2023,0.11799826909857251
Horseshoe Reef,2024,0.13644480380051371
Horseshoe Reef,2025,0.13632043912622535
Horseshoe Reef,2026,0.1654259978806842
Hoskyn Island,1987,0.7504885434819636
Hoskyn Island,1988,0.6563645827045403
Hoskyn Island,1990,0.22096408896308875
Hoskyn Island,1992,0.31366437054498386
Hoskyn Island,2006,0.5535659151100655
Hoskyn Island,2008,0.45178965406874944
Hoskyn Island,2010,0.17671624764846494
Hoskyn Island,2012,0.1821673075938143
Hoskyn Island,2014,0.2335811507236389
Hoskyn Island,2016,0.28598419079507464
Hoskyn Island,2018,0.5295950430932209
Hoskyn Island,2020,0.4686942011402431
Hoskyn Island,2021,0.6266319788582699
Hoskyn Island,2024,0.6189425199336789
Hoskyn Island,2025,0.27750777469772003
Hoskyn Island,2026,0.26961621824226334
Hyde Reef,1986,0.1990278744136512
Hyde Reef,1990,0.31570185542228496
Hyde Reef,1993,0.35865721879289025
Hyde Reef,1994,0.37507986406834154
Hyde Reef,1995,0.24139628296773225
Hyde Reef,1996,0.28285702162144055
Hyde Reef,1997,0.25432229974074566
Hyde Reef,1998,0.32420278592476987
Hyde Reef,1999,0.28836444268228084
Hyde Reef,2000,0.3240206680348924
Hyde Reef,2001,0.38037251438977043
Hyde Reef,2002,0.3458037190024988
Hyde Reef,2003,0.34002214151571064
Hyde Reef,2004,0.3694183092423519
Hyde Reef,2005,0.3060732230796065
Hyde Reef,2007,0.37391563399800354
Hyde Reef,2009,0.13028675385906788
Hyde Reef,2011,0.10846554983345245
Hyde Reef,2013,0.09940847253360341
Hyde Reef,2015,0.1358534282531841
Hyde Reef,2017,0.24555339479980443
Hyde Reef,2021,0.5197882698544236
Hyde Reef,2022,0.5948548067888357
Hyde Reef,2023,0.5503589032961146
Hyde Reef,2024,0.4420509948123487
Hyde Reef,2025,0.4157439423671189
Hyde Reef,2026,0.4396634103289101
Jenkins Reef,2006,0.09125303993235549
Jenkins Reef,2008,0.16368087566797968
Jenkins Reef,2010,0.1291129713619812
Jenkins Reef,2012,0.17947807077982433
Jenkins Reef,2014,0.37882525332460315
Jenkins Reef,2016,0.5287983284062253
Jenkins Reef,2018,0.09945137390449085
Jenkins Reef,2020,0.08439731388581823
Jenkins Reef,2022,0.09516700018015184
Jenkins Reef,2026,0.2951679798201327
John Brewer Reef,1986,0.07332054123925781
John Brewer Reef,1987,0.046481756636601514
John Brewer Reef,1988,0.06627987507131443
John Brewer Reef,1989,0.04800947805274381
John Brewer Reef,1990,0.08597955398383271
John Brewer Reef,1993,0.13555069272806308
John Brewer Reef,1995,0.20348885283729265
John Brewer Reef,1996,0.1931030483106696
John Brewer Reef,1997,0.21528496498511795
John Brewer Reef,1998,0.30184905009780355
John Brewer Reef,1999,0.2089656359218046
John Brewer Reef,2000,0.22728857702589186
John Brewer Reef,2001,0.15553505747618662
John Brewer Reef,2002,0.11409174194662423
John Brewer Reef,2003,0.05975300560840839
John Brewer Reef,2004,0.05591523091267804
John Brewer Reef,2005,0.056577161669907734
John Brewer Reef,2007,0.05741360750106818
John Brewer Reef,2008,0.05800613778594913
John Brewer Reef,2009,0.06262518282055443
John Brewer Reef,2011,0.07101942354421127
John Brewer Reef,2013,0.150977444386664
John Brewer Reef,2015,0.3444173546040433
John Brewer Reef,2016,0.42513233930557365
John Brewer Reef,2017,0.37751976099866913
John Brewer Reef,2019,0.1741606266892871
John Brewer Reef,2020,0.11625536911021976
John Brewer Reef,2021,0.21888852032673098
John Brewer Reef,2022,0.21895669736469364
John Brewer Reef,2023,0.2339761846925083
John Brewer Reef,2024,0.1719309511245488
John Brewer Reef,2025,0.17238322553320828
John Brewer Reef,2026,0.17166013753524545
Knife Reef,1986,0.20330734867184247
Knife Reef,1987,0.17067612591728498
Knife Reef,1988,0.18888434632747933
Knife Reef,1989,0.16388179352841747
Knife Reef,1990,0.15763640943162158
Knife Reef,2002,0.2854686679566171
Knife Reef,2003,0.25051177259388147
Knife Reef,2006,0.23263695152968264
Knife Reef,2008,0.22843030301182757
Knife Reef,2010,0.26470487771030826
Knife Reef,2012,0.08657851125960327
Knife Reef,2014,0.1508850092598445
Knife Reef,2016,0.224058866022552
Knife Reef,2018,0.1646795258709473
Knife Reef,2020,0.2600140587442484
Knife Reef,2022,0.49585710067117705
Knife Reef,2024,0.5019304726081231
Knife Reef,2025,0.47636254846166376
Knife Reef,2026,0.4327607475863381
Lady Musgrave Island,2026,0.2650018520930197
Lady Musgrave Island,2025,0.39219264399073284
Lady Musgrave Island,2024,0.6323999140472124
Lady Musgrave Island,2023,0.5622966600386866
Lady Musgrave Island,2022,0.6766398006196754
Lady Musgrave Island,2021,0.5048703681736628
Lady Musgrave Island,2020,0.46398043317601445
Lady Musgrave Island,2019,0.5125465206755235
Lady Musgrave Island,2018,0.4091287125297779
Lady Musgrave Island,2017,0.39272442371803307
Lady Musgrave Island,2016,0.3171945561247271
Lady Musgrave Island,2014,0.19679982744393779
Lady Musgrave Island,2013,0.16843619724331382
Lady Musgrave Island,2012,0.15901431685110773
Lady Musgrave Island,2010,0.16362244197831388
Lady Musgrave Island,2009,0.3035983616418739
Lady Musgrave Island,2007,0.5347300317268993
Lady Musgrave Island,2006,0.5228584643638401
Lady Musgrave Island,2005,0.45708162870484953
Lady Musgrave Island,2004,0.5227668852049833
Lady Musgrave Island,2003,0.5414062217100307
Lady Musgrave Island,2002,0.5677394136123585
Lady Musgrave Island,2001,0.5186267615023136
Lady Musgrave Island,2000,0.47882120002950385
Lady Musgrave Island,1999,0.44856900595109966
Lady Musgrave Island,1998,0.36019800901201743
Lady Musgrave Island,1997,0.26196384438367665
Lady Musgrave Island,1996,0.21393834065347983
Lady Musgrave Island,1995,0.23887367827962447
Lady Musgrave Island,1994,0.1702473147591213
Lady Musgrave Island,1993,0.21181913766251312
Lady Musgrave Island,1992,0.3249949701419646
Lady Musgrave Island,1990,0.38597310809514757
Lady Musgrave Island,1988,0.6968480692807573
Lady Musgrave Island,1987,0.7119255451690627
Lady Musgrave Island,1986,0.5495187273599643
Linnet Reef,1986,0.2453126151949581
Linnet Reef,1987,0.24743130238435251
Linnet Reef,1988,0.4427498911440307
Linnet Reef,1989,0.2673161569962543
Linnet Reef,1990,0.3930860435790467
Linnet Reef,1992,0.3398384636789792
Linnet Reef,1993,0.3164692594057419
Linnet Reef,1995,0.3379672231430966
Linnet Reef,1996,0.32873355915706487
Linnet Reef,1997,0.26989649178533115
Linnet Reef,1998,0.2931586509912728
Linnet Reef,1999,0.34856622294827166
Linnet Reef,2000,0.22849540605166152
Linnet Reef,2001,0.2598666421578049
Linnet Reef,2002,0.2805194197381656
Linnet Reef,2003,0.28135431280756756
Linnet Reef,2004,0.18892335045293088
Linnet Reef,2005,0.2520476117440516
Linnet Reef,2006,0.22896452318868404
Linnet Reef,2007,0.30061294276640993
Linnet Reef,2008,0.2306059058194593
Linnet Reef,2009,0.23637420098178422
Linnet Reef,2010,0.292130923144319
Linnet Reef,2011,0.34689225627104703
Linnet Reef,2013,0.26521147533610845
Linnet Reef,2017,0.08561669096930842
Linnet Reef,2019,0.126085956775672
Linnet Reef,2020,0.19789737233297872
Linnet Reef,2021,0.15137952007988068
Linnet Reef,2022,0.2684296073760818
Linnet Reef,2023,0.296071868997576
Linnet Reef,2024,0.4268716041579156
Linnet Reef,2025,0.12094158745235965
Linnet Reef,2026,0.20481283749493082
Little Kelso Reef,1989,0.05457305087662624
Little Kelso Reef,1990,0.0975316127040209
Little Kelso Reef,2002,0.16960504299165366
Little Kelso Reef,2003,0.1259994649504758
Little Kelso Reef,2006,0.07713890653243559
Little Kelso Reef,2008,0.08968819972624764
Little Kelso Reef,2010,0.11936577767802137
Little Kelso Reef,2012,0.1131190190037172
Little Kelso Reef,2014,0.2109898567405787
Little Kelso Reef,2016,0.371977092187535
Little Kelso Reef,2018,0.24264701921118415
Little Kelso Reef,2020,0.12677725650237157
Little Kelso Reef,2021,0.21852573644182566
Little Kelso Reef,2023,0.2580795799598716
Little Kelso Reef,2025,0.24981373676646784
Little Kelso Reef,2026,0.2036641937525554
Lizard Isles,1986,0.15673303664279994
Lizard Isles,1987,0.12235682050627623
Lizard Isles,1988,0.202076311210944
Lizard Isles,1989,0.1294247579701664
Lizard Isles,1990,0.16588301870369473
Lizard Isles,1991,0.12916943219216492
Lizard Isles,1994,0.1905186813351563
Lizard Isles,1995,0.18641300950966197
Lizard Isles,1996,0.13410752694410735
Lizard Isles,1997,0.12729341047644754
Lizard Isles,1998,0.07858201904718477
Lizard Isles,1999,0.10529047966077795
Lizard Isles,2000,0.13344851974013774
Lizard Isles,2001,0.089395370937886
Lizard Isles,2002,0.0918094730208189
Lizard Isles,2003,0.12447041162336447
Lizard Isles,2004,0.08092647564379964
Lizard Isles,2005,0.1376079932611402
Lizard Isles,2006,0.12025308337807503
Lizard Isles,2007,0.1391019969611782
Lizard Isles,2008,0.13110859194137406
Lizard Isles,2009,0.1280579502111877
Lizard Isles,2010,0.14837046422132857
Lizard Isles,2011,0.13710131689653868
Lizard Isles,2013,0.13098624616271615
Lizard Isles,2015,0.07858475700890724
Lizard Isles,2017,0.0670210550132364
Lizard Isles,2019,0.06876110775792582
Lizard Isles,2021,0.1270762100717454
Lizard Isles,2022,0.19236703997917978
Lizard Isles,2023,0.18987564271206095
Lizard Isles,2024,0.21260299701064508
Lizard Isles,2025,0.11454689445448377
Lizard Isles,2026,0.19096649440430813
Macgillivray Reef,1986,0.3006863728354413
Macgillivray Reef,1987,0.29844786025755554
Macgillivray Reef,1989,0.3126641220066925
Macgillivray Reef,1992,0.3626100501291006
Macgillivray Reef,1993,0.3447124702817665
Macgillivray Reef,1994,0.35156620498616964
Macgillivray Reef,1995,0.3305694831535174
Macgillivray Reef,1996,0.30461275551127864
Macgillivray Reef,1997,0.3070642622447585
Macgillivray Reef,1998,0.1688983250398241
Macgillivray Reef,1999,0.3126757871987444
Macgillivray Reef,2000,0.24841168470592864
Macgillivray Reef,2002,0.1773510693449974
Macgillivray Reef,2003,0.24619068709000497
Macgillivray Reef,2004,0.17118418739748142
Macgillivray Reef,2005,0.2258629900227735
Macgillivray Reef,2006,0.26799164937733766
Macgillivray Reef,2007,0.3437961137524759
Macgillivray Reef,2008,0.23911799485389315
Macgillivray Reef,2009,0.3591117187791391
Macgillivray Reef,2010,0.2777236027470563
Macgillivray Reef,2011,0.2576336752050479
Macgillivray Reef,2013,0.33980296837764706
Macgillivray Reef,2015,0.08340827460446193
Macgillivray Reef,2017,0.07072685022457248
Macgillivray Reef,2019,0.07225779845669857
Macgillivray Reef,2020,0.10017025483633374
Macgillivray Reef,2021,0.19137657029663285
Macgillivray Reef,2022,0.3027277168636739
Macgillivray Reef,2023,0.36170727644659356
Macgillivray Reef,2024,0.463489277327135
Macgillivray Reef,2025,0.2830771078597239
Macgillivray Reef,2026,0.3397887482201538
Mackay Reef,1986,0.18679222205310414
Mackay Reef,1988,0.19277626710552812
Mackay Reef,1989,0.20073942608446665
Mackay Reef,1991,0.2461011195733428
Mackay Reef,1993,0.334016001821865
Mackay Reef,1995,0.2921331251942223
Mackay Reef,1996,0.29380444987953647
Mackay Reef,1998,0.2135793751834699
Mackay Reef,1999,0.18553392863414941
Mackay Reef,2000,0.2496574264793604
Mackay Reef,2001,0.21628522836771868
Mackay Reef,2002,0.2158630478012835
Mackay Reef,2003,0.14277480931420986
Mackay Reef,2004,0.19315825056797142
Mackay Reef,2005,0.19028555415199053
Mackay Reef,2006,0.2223243484925178
Mackay Reef,2007,0.23886755161522777
Mackay Reef,2008,0.20442563457232663
Mackay Reef,2009,0.25072987804336566
Mackay Reef,2010,0.2705187838422369
Mackay Reef,2011,0.285894584958321
Mackay Reef,2013,0.3225944061459304
Mackay Reef,2015,0.15980745555214854
Mackay Reef,2016,0.16724959003040352
Mackay Reef,2017,0.17288507357244876
Mackay Reef,2019,0.13526653504821817
Mackay Reef,2021,0.3266457003188105
Mackay Reef,2022,0.451893229557835
Mackay Reef,2023,0.30085807069084647
Mackay Reef,2024,0.42555916872558863
Mackay Reef,2025,0.16229957864568081
Mackay Reef,2026,0.23448209603751557
Martin Reef,2026,0.20612601420082613
Martin Reef,2025,0.21680924262868295
Martin Reef,2024,0.2717819302780137
Martin Reef,2023,0.41763295068314715
Martin Reef,2022,0.24045740101263685
Martin Reef,2021,0.23300231417514913
Martin Reef,2019,0.1239107019395548
Martin Reef,2017,0.10636521689280184
Martin Reef,2013,0.26562426473717715
Martin Reef,2011,0.33257177235756097
Martin Reef,2010,0.2898462648355477
Martin Reef,2009,0.27405533830593415
Martin Reef,2008,0.21554597540765405
Martin Reef,2007,0.2713553792514856
Martin Reef,2006,0.285676627160334
Martin Reef,2005,0.2930022152395237
Martin Reef,2004,0.17149483034548518
Martin Reef,2003,0.2547332754340359
Martin Reef,2002,0.22024811948073536
Martin Reef,2001,0.25750677816666745
Martin Reef,2000,0.28139727062585135
Martin Reef,1999,0.25620190928857267
Martin Reef,1998,0.19775854901545836
Martin Reef,1997,0.2224573183976001
Martin Reef,1996,0.25976827048081436
Martin Reef,1995,0.29156257493470006
Martin Reef,1993,0.22780077591882633
Martin Reef,1991,0.17683787057274458
Martin Reef,1990,0.2658058156971676
Michaelmas Cay,1987,0.09782751496646774
Michaelmas Cay,1988,0.13691227466733677
Michaelmas Cay,1990,0.13607825660189857
Michaelmas Cay,1991,0.0940308911915494
Michaelmas Cay,1993,0.11270548735061818
Michaelmas Cay,1994,0.09864860400959453
Michaelmas Cay,1995,0.11261728347002868
Michaelmas Cay,1996,0.09177723042209404
Michaelmas Cay,1997,0.15045386249612275
Michaelmas Cay,1998,0.1056477922142739
Michaelmas Cay,1999,0.09622506063482512
Michaelmas Cay,2000,0.10118081817542972
Michaelmas Cay,2001,0.11436004727021523
Michaelmas Cay,2002,0.12202436785725922
Michaelmas Cay,2003,0.11526577864842735
Michaelmas Cay,2004,0.10460023876504189
Michaelmas Cay,2005,0.11676482092282153
Michaelmas Cay,2006,0.13628010361097298
Michaelmas Cay,2007,0.11651948037147612
Michaelmas Cay,2009,0.14212940912866578
Michaelmas Cay,2013,0.09649677084036773
Michaelmas Cay,2015,0.12622228355368575
Michaelmas Cay,2017,0.12914696899278238
Michaelmas Cay,2019,0.10139287733221743
Michaelmas Cay,2021,0.10805077724083993
Michaelmas Cay,2023,0.1421708284386886
Michaelmas Cay,2026,0.1701282305426511
Moore Reef,1989,0.1264461314847428
Moore Reef,1990,0.2083598673623655
Moore Reef,1994,0.11674692249518187
Moore Reef,1997,0.1683060579636037
Moore Reef,2000,0.15419238008369565
Moore Reef,2006,0.14289534769209888
Moore Reef,2007,0.15067772006695826
Moore Reef,2010,0.1481505241200083
Moore Reef,2012,0.13941959484805527
Moore Reef,2014,0.16168400135862096
Moore Reef,2016,0.17768876923702032
Moore Reef,2018,0.11517377587354259
Myrmidon Reef,2026,0.4419609502890147
Myrmidon Reef,2025,0.29637463334043757
Myrmidon Reef,2024,0.46352214911599504
Myrmidon Reef,2023,0.49401207647015516
Myrmidon Reef,2022,0.4559100038909436
Myrmidon Reef,2021,0.3755562161989101
Myrmidon Reef,2020,0.15691784090098587
Myrmidon Reef,2019,0.24638980672372449
Myrmidon Reef,2017,0.15686329260536463
Myrmidon Reef,2015,0.10185556577087027
Myrmidon Reef,2013,0.10250421374563182
Myrmidon Reef,2011,0.08179327769808709
Myrmidon Reef,2007,0.13904809491459838
Myrmidon Reef,2005,0.28976205307623476
Myrmidon Reef,2003,0.20487183876197732
Myrmidon Reef,2002,0.2106718681884326
Myrmidon Reef,2001,0.256104431141039
Myrmidon Reef,2000,0.2184103645056881
Myrmidon Reef,1999,0.2560317217151972
Myrmidon Reef,1998,0.3031460785139755
Myrmidon Reef,1997,0.21750882693359191
Myrmidon Reef,1996,0.24234013405738622
Myrmidon Reef,1995,0.2878281729017212
Myrmidon Reef,1994,0.20286108741032383
Myrmidon Reef,1993,0.26933334020032235
Myrmidon Reef,1992,0.23253548853141567
Myrmidon Reef,1991,0.20509155938452153
Myrmidon Reef,1990,0.16624793350006908
Myrmidon Reef,1989,0.15152655611152716
Myrmidon Reef,1988,0.23157851182212172
No Name Reef,1986,0.13645283024839516
No Name Reef,1987,0.11345270001136408
No Name Reef,1988,0.097302153551806
No Name Reef,1990,0.13470457139148362
No Name Reef,1991,0.12987087716312412
No Name Reef,1994,0.2549540914771024
No Name Reef,1995,0.31392510903966964
No Name Reef,1996,0.2614795897142687
No Name Reef,1997,0.23748267233659737
No Name Reef,1998,0.25404986110765676
No Name Reef,1999,0.39821270275978143
No Name Reef,2000,0.2701506389131936
No Name Reef,2001,0.2366838749012954
No Name Reef,2002,0.21493103687655069
No Name Reef,2003,0.2880068329546357
No Name Reef,2004,0.2211527521504564
No Name Reef,2005,0.23995855778142908
No Name Reef,2006,0.20451251130894318
No Name Reef,2007,0.14700063539419092
No Name Reef,2008,0.19787237430219362
No Name Reef,2009,0.18438256827678842
No Name Reef,2010,0.20923529480616493
No Name Reef,2011,0.17215466078547792
No Name Reef,2013,0.16109242059620085
No Name Reef,2015,0.15058371741968404
No Name Reef,2017,0.09629845971251703
No Name Reef,2019,0.12233949215708245
No Name Reef,2020,0.13951612390717424
No Name Reef,2021,0.18077353908065358
No Name Reef,2022,0.23063485240109846
No Name Reef,2023,0.2186905277793978
No Name Reef,2024,0.21076549007860085
No Name Reef,2025,0.24245291807643804
No Name Reef,2026,0.19711104795635268
North Island,1991,0.3608636223223592
North Island,2006,0.44930282635869945
North Island,2008,0.4466788275228584
North Island,2010,0.19015549585384023
North Island,2014,0.26605766589661767
North Island,2016,0.4760260049241795
North Island,2018,0.42473808237502464
North Island,2020,0.4338352426198108
North Island,2021,0.4703262377624653
North Island,2026,0.17833872104243353
North Direction Island,1989,0.24687204865388995
North Direction Island,1994,0.4049515119475519
North Direction Island,1995,0.3412225088865026
North Direction Island,1996,0.250813460933922
North Direction Island,1997,0.22921698127264548
North Direction Island,1998,0.14700168119484913
North Direction Island,1999,0.2721684278378732
North Direction Island,2000,0.26942519916009483
North Direction Island,2001,0.24245085611149356
North Direction Island,2002,0.19175869128492556
North Direction Island,2003,0.2957133417234322
North Direction Island,2004,0.1992818591970085
North Direction Island,2005,0.38066422962704666
North Direction Island,2006,0.3875592958313843
North Direction Island,2007,0.3424580354180779
North Direction Island,2008,0.25894113717982464
North Direction Island,2009,0.4815120877340744
North Direction Island,2010,0.3630041802626798
North Direction Island,2011,0.2878943437666236
North Direction Island,2013,0.2902749538390041
North Direction Island,2015,0.06659947974468172
North Direction Island,2017,0.05486270734246097
North Direction Island,2019,0.08720280376487112
North Direction Island,2021,0.5003377145213509
North Direction Island,2022,0.43554040400403393
North Direction Island,2023,0.5161304789358984
North Direction Island,2024,0.5855532532393456
North Direction Island,2025,0.17997994575442175
North Direction Island,2026,0.13151179566187127
One Tree Island,1986,0.3910431668421849
One Tree Island,1987,0.60947444882516
One Tree Island,1988,0.5762741133903896
One Tree Island,1990,0.23436469499240514
One Tree Island,1992,0.3185531990763398
One Tree Island,1993,0.19342052361391557
One Tree Island,1994,0.17782487165652805
One Tree Island,1995,0.2444923861851695
One Tree Island,1996,0.3392475925610117
One Tree Island,1997,0.3408892246518359
One Tree Island,1998,0.3676071329862967
One Tree Island,1999,0.44110892301223803
One Tree Island,2000,0.4735337077879484
One Tree Island,2001,0.4043552133843494
One Tree Island,2002,0.5057894871130562
One Tree Island,2003,0.4583352010116058
One Tree Island,2004,0.4407593265549717
One Tree Island,2005,0.4010504046729191
One Tree Island,2007,0.367645965844693
One Tree Island,2009,0.2297520761024128
One Tree Island,2011,0.16114092976868985
One Tree Island,2013,0.23055246952986955
One Tree Island,2017,0.4006853205743854
One Tree Island,2019,0.4423516189249054
One Tree Island,2021,0.5564635639654886
One Tree Island,2022,0.6440264465057786
One Tree Island,2023,0.6240867807895126
One Tree Island,2024,0.605835289930235
One Tree Island,2025,0.2970632713378576
One Tree Island,2026,0.1374062626726102
Peart Reef,1986,0.06716731467412891
Peart Reef,1987,0.05894314157533522
Peart Reef,1988,0.06334126521758152
Peart Reef,1989,0.0686053858138013
Peart Reef,1992,0.15884845248395071
Peart Reef,2006,0.11299889014196698
Peart Reef,2008,0.11519880579521342
Peart Reef,2010,0.16500529315050141
Peart Reef,2012,0.12929037092137463
Peart Reef,2014,0.17493867365456012
Peart Reef,2016,0.1884818433122367
Peart Reef,2018,0.08048818761735212
Peart Reef,2020,0.10273585981782841
Peart Reef,2022,0.12974284140481943
Peart Reef,2023,0.2333210609316537
Peart Reef,2024,0.1960526689529816
Peart Reef,2025,0.16463466761226703
Peart Reef,2026,0.20358758742696473
Pickersgill Reef,1986,0.11544843623499014
Pickersgill Reef,1990,0.3208235113280607
Pickersgill Reef,1991,0.18339428980967748
Pickersgill Reef,1996,0.20469628383055918
Pickersgill Reef,1997,0.23542081483080754
Pickersgill Reef,1998,0.17466224971806119
Pickersgill Reef,1999,0.2285681542493392
Pickersgill Reef,2000,0.30599389275504985
Pickersgill Reef,2001,0.24023326453364943
Pickersgill Reef,2003,0.17378628514806435
Pickersgill Reef,2004,0.1731284145587541
Pickersgill Reef,2006,0.16724229257196077
Pickersgill Reef,2007,0.13679581949022018
Pickersgill Reef,2008,0.19007246995874721
Pickersgill Reef,2010,0.2086123430985859
Pickersgill Reef,2011,0.23097919879734988
Pickersgill Reef,2015,0.19151275130282897
Pickersgill Reef,2019,0.11328380895553261
Pickersgill Reef,2020,0.16874371192764898
Pickersgill Reef,2021,0.33816635809452134
Pickersgill Reef,2024,0.33576576396724667
Pompey Reef No.1,2006,0.2568453628980959
Pompey Reef No.1,2010,0.19601229688370253
Pompey Reef No.1,2012,0.20667089995314708
Pompey Reef No.1,2014,0.276911258761156
Pompey Reef No.1,2018,0.1908287770191459
Pompey Reef No.1,2020,0.31051294776313665
Pompey Reef No.1,2022,0.27534664246734125
Pompey Reef No.1,2023,0.33756607266292044
Pompey Reef No.1,2024,0.3937324513913016
Pompey Reef No.1,2025,0.36480451236905503
Pompey Reef No.1,2026,0.32454473971135767
Pompey Reef No.2,2006,0.2933499657605822
Pompey Reef No.2,2010,0.14817147321381524
Pompey Reef No.2,2012,0.16553133972641934
Pompey Reef No.2,2014,0.15802072387376018
Pompey Reef No.2,2018,0.1084260038656378
Pompey Reef No.2,2020,0.1244518285524035
Pompey Reef No.2,2022,0.1623562271457545
Pompey Reef No.2,2023,0.17629537571758425
Pompey Reef No.2,2024,0.2507176029701471
Pompey Reef No.2,2025,0.24040553212197766
Pompey Reef No.2,2026,0.1947560543508753
Rebe Reef,1990,0.27173501040179887
Rebe Reef,1994,0.2750533869235747
Rebe Reef,1995,0.19223143475787388
Rebe Reef,1996,0.19465913002672225
Rebe Reef,1997,0.17195269077921632
Rebe Reef,1998,0.24783309843775786
Rebe Reef,1999,0.2399461746873696
Rebe Reef,2000,0.2710774232871748
Rebe Reef,2001,0.2523520081915357
Rebe Reef,2002,0.28937145240301027
Rebe Reef,2003,0.20839921423626165
Rebe Reef,2004,0.20096650704471516
Rebe Reef,2005,0.2816516084276388
Rebe Reef,2011,0.08321723405940168
Rebe Reef,2013,0.08736503433721972
Rebe Reef,2015,0.10732353342437935
Rebe Reef,2017,0.2554340789034656
Rebe Reef,2019,0.3530270796465394
Rebe Reef,2021,0.6008222284560986
Rebe Reef,2022,0.5747304597978202
Rebe Reef,2023,0.6165877867557534
Rebe Reef,2024,0.4645329896817149
Rebe Reef,2025,0.5102897302822365
Rebe Reef,2026,0.45758577456406624
Reef 19-131,1989,0.23024468451846256
Reef 19-131,1990,0.18145684546375102
Reef 19-131,1994,0.2988290113278115
Reef 19-131,1995,0.22971908814907893
Reef 19-131,1996,0.3273031810254831
Reef 19-131,1997,0.16507096872748295
Reef 19-131,1998,0.17654901517169647
Reef 19-131,1999,0.1330764509921468
Reef 19-131,2000,0.1917666801661196
Reef 19-131,2001,0.153184274746873
Reef 19-131,2002,0.1806838843749353
Reef 19-131,2003,0.1059914055906416
Reef 19-131,2004,0.14941742718914494
Reef 19-131,2005,0.14042735723938
Reef 19-131,2006,0.16577730712384597
Reef 19-131,2007,0.19082042153804202
Reef 19-131,2009,0.17255634190590347
Reef 19-131,2010,0.20156124250462437
Reef 19-131,2011,0.17315610433525205
Reef 19-131,2013,0.15927947006433874
Reef 19-131,2015,0.1749855660617836
Reef 19-131,2017,0.25102474560451554
Reef 19-131,2019,0.15901679759434229
Reef 19-131,2021,0.1735288289494873
Reef 19-131,2022,0.3318305192175758
Reef 19-131,2023,0.2576507665593524
Reef 19-131,2024,0.2914437840516668
Reef 19-131,2025,0.2847360906854448
Reef 19-131,2026,0.2630387448994686
Reef 19-138,1990,0.20767658972410155
Reef 19-138,1991,0.2838900840722642
Reef 19-138,1993,0.21456679354766484
Reef 19-138,1994,0.23041597827051877
Reef 19-138,1995,0.27365310053113945
Reef 19-138,1996,0.2586183917383162
Reef 19-138,1997,0.16215439052934277
Reef 19-138,1998,0.16041426580335783
Reef 19-138,1999,0.16249429257282777
Reef 19-138,2000,0.20994661221121064
Reef 19-138,2001,0.2015826507313893
Reef 19-138,2002,0.2212884450606244
Reef 19-138,2003,0.15150690480126586
Reef 19-138,2004,0.14907126651198715
Reef 19-138,2005,0.2082326375651992
Reef 19-138,2006,0.1996541760404721
Reef 19-138,2007,0.2830763743767319
Reef 19-138,2008,0.233522623429085
Reef 19-138,2009,0.2266717598737564
Reef 19-138,2010,0.2250704128744894
Reef 19-138,2011,0.19529783937461737
Reef 19-138,2013,0.20503838465751795
Reef 19-138,2015,0.3112281598849105
Reef 19-138,2017,0.3680633375963261
Reef 19-138,2019,0.18109911362643935
Reef 19-138,2021,0.20327794334342614
Reef 19-138,2022,0.23390751243533633
Reef 19-138,2023,0.19899239919181497
Reef 19-138,2024,0.38130019690853995
Reef 19-138,2025,0.34239954542424034
Reef 20-104,1989,0.2209545973341624
Reef 20-104,1990,0.09146377135610224
Reef 20-104,1991,0.12829206980354516
Reef 20-104,1993,0.13664031096232665
Reef 20-104,1994,0.09030558652918626
Reef 20-104,1995,0.0927738026917318
Reef 20-104,1996,0.18276086996772348
Reef 20-104,1997,0.11417998196920891
Reef 20-104,1998,0.14442566748673422
Reef 20-104,1999,0.13619821585169425
Reef 20-104,2000,0.16045339639696723
Reef 20-104,2001,0.18144326358349008
Reef 20-104,2002,0.2772823030285753
Reef 20-104,2003,0.20578496172230185
Reef 20-104,2004,0.325283663744814
Reef 20-104,2005,0.2594982066418859
Reef 20-104,2007,0.25634969351822795
Reef 20-104,2009,0.22474286344998579
Reef 20-104,2010,0.15295215205172893
Reef 20-104,2011,0.10593812665814117
Reef 20-104,2013,0.15265587553858836
Reef 20-104,2015,0.2559521843254583
Reef 20-104,2017,0.3105875123046275
Reef 20-104,2021,0.3039312870420683
Reef 20-104,2022,0.2656156211771504
Reef 20-104,2023,0.1620565985837552
Reef 20-104,2024,0.3960550672176508
Reef 20-104,2025,0.3718468541884122
Reef 20-104,2026,0.4308080499800894
Reef 20-348,1999,0.15132153260011527
Reef 20-348,2002,0.22985785946673956
Reef 20-348,2005,0.18277158336850735
Reef 20-348,2010,0.07778892351437901
Reef 20-348,2011,0.08335398261781077
Reef 20-348,2014,0.09246699918604787
Reef 20-348,2016,0.15074289015150283
Reef 20-348,2022,0.27445437462599026
Reef 20-348,2023,0.2715906547371661
Reef 20-348,2025,0.18466983481156662
Reef 20-348,2026,0.1916163238972739
Reef 20-353,2006,0.386762607769087
Reef 20-353,2008,0.4678991128281669
Reef 20-353,2010,0.10778995152762277
Reef 20-353,2012,0.10806253088391345
Reef 20-353,2014,0.1502972215673548
Reef 20-353,2018,0.2859478989500697
Reef 20-353,2020,0.45590505991790387
Reef 20-353,2023,0.595862623595902
Reef 20-353,2025,0.4837476430883414
Reef 20-353,2026,0.5326076220581305
Reef 21-060,2006,0.44792621892104123
Reef 21-060,2010,0.12384843857912663
Reef 21-060,2012,0.12381994673054504
Reef 21-060,2014,0.06904033391168214
Reef 21-060,2018,0.10155052712903564
Reef 21-060,2020,0.11512924155569089
Reef 21-060,2022,0.23695570935162244
Reef 21-060,2023,0.347086895568557
Reef 21-060,2024,0.4194533488089491
Reef 21-060,2025,0.28876866682898833
Reef 21-060,2026,0.29702417511878487
Reef 21-062,2006,0.2534931727035521
Reef 21-062,2008,0.3894384870347139
Reef 21-062,2014,0.11439124883818338
Reef 21-062,2016,0.10146824995496515
Reef 21-062,2018,0.1636838690748394
Reef 21-062,2023,0.3447268255757353
Reef 21-062,2025,0.2696465229597041
Reef 21-062,2026,0.2496631868328867
Reef 21-064,2006,0.4645986001119563
Reef 21-064,2008,0.46064249286333636
Reef 21-064,2010,0.1881395541064979
Reef 21-064,2012,0.22792524411545817
Reef 21-064,2014,0.13547310510112154
Reef 21-064,2016,0.10524030422464127
Reef 21-064,2018,0.09392193855522511
Reef 21-064,2020,0.10774050862670195
Reef 21-064,2023,0.22255136543642912
Reef 21-064,2025,0.25482379497776525
Reef 21-064,2026,0.24585188778738562
Reef 21-139,1992,0.5063907343989711
Reef 21-139,2006,0.38155669622037586
Reef 21-139,2008,0.31634387455076407
Reef 21-139,2010,0.16734013587996902
Reef 21-139,2012,0.1779694050151978
Reef 21-139,2014,0.31282855804034887
Reef 21-139,2016,0.35959425879096446
Reef 21-139,2018,0.41904421157011496
Reef 21-139,2020,0.5944291525373516
Reef 21-139,2022,0.6170433853446812
Reef 21-139,2023,0.6226417225410846
Reef 21-139,2024,0.5779770653262559
Reef 21-139,2025,0.45087447407264186
Reef 21-139,2026,0.47460642527023733
Reef 21-187,1991,0.46819654352951795
Reef 21-187,1992,0.5327289608702638
Reef 21-187,2006,0.5180286338032168
Reef 21-187,2008,0.47137732461546483
Reef 21-187,2010,0.13032114136491071
Reef 21-187,2012,0.14568705125987022
Reef 21-187,2014,0.18529607978257706
Reef 21-187,2016,0.2516180413696053
Reef 21-187,2018,0.34199995260678057
Reef 21-187,2020,0.4095403940317484
Reef 21-187,2022,0.5125023837125158
Reef 21-187,2023,0.5247196272612822
Reef 21-187,2024,0.6273677883312242
Reef 21-187,2025,0.3469826909818392
Reef 21-187,2026,0.452707232862399
Reef 21-245,2006,0.2884547758663638
Reef 21-245,2008,0.28644129112274136
Reef 21-245,2010,0.12304018895906611
Reef 21-245,2012,0.10752109415626993
Reef 21-245,2014,0.1619083233194238
Reef 21-245,2016,0.23516141722222803
Reef 21-245,2020,0.2850103476962669
Reef 21-245,2023,0.42710900873086416
Reef 21-245,2024,0.39860013752402557
Reef 21-245,2025,0.3416685639894153
Reef 21-245,2026,0.428458634921062
Reef 21-296,2006,0.16162614728040006
Reef 21-296,2008,0.13720107646534116
Reef 21-296,2010,0.15525347486927982
Reef 21-296,2012,0.18202839033064727
Reef 21-296,2014,0.2119824161253602
Reef 21-296,2016,0.2131136422203133
Reef 21-296,2018,0.16292378436757293
Reef 21-296,2023,0.2582277226139267
Reef 21-296,2025,0.28634134275475853
Reef 21-296,2026,0.26710399595943424
Reef 21-529,1993,0.34242834337435707
Reef 21-529,1995,0.2666011338278687
Reef 21-529,1996,0.3236317668985166
Reef 21-529,1997,0.23195024888715005
Reef 21-529,1998,0.2787450819172545
Reef 21-529,1999,0.38251422893414905
Reef 21-529,2000,0.3265982586364934
Reef 21-529,2001,0.43880852576018703
Reef 21-529,2002,0.36582342624085146
Reef 21-529,2003,0.4212643444230353
Reef 21-529,2004,0.4664370414254723
Reef 21-529,2005,0.4944767171199998
Reef 21-529,2006,0.4825175027057701
Reef 21-529,2007,0.48204094311132933
Reef 21-529,2008,0.37186675691715604
Reef 21-529,2009,0.4187217789456
Reef 21-529,2010,0.1117431804061602
Reef 21-529,2011,0.12003867400963372
Reef 21-529,2013,0.12136737576926127
Reef 21-529,2015,0.21525219467180007
Reef 21-529,2017,0.3988801347802511
Reef 21-529,2019,0.4007607190570949
Reef 21-529,2021,0.5367728822791984
Reef 21-529,2022,0.5328094854531767
Reef 21-529,2024,0.6492920964431066
Reef 21-529,2025,0.40904494251876394
Reef 21-529,2026,0.5167938964397657
Reef 21-550,1986,0.6112676648695329
Reef 21-550,2006,0.458626308157029
Reef 21-550,2008,0.4108120242324142
Reef 21-550,2010,0.15382242938588303
Reef 21-550,2012,0.17674725112631398
Reef 21-550,2014,0.2177625570454275
Reef 21-550,2016,0.3380538012474961
Reef 21-550,2018,0.38588380491404695
Reef 21-550,2020,0.45547373038085726
Reef 21-550,2024,0.5229445513792634
Reef 21-550,2025,0.3592423019389772
Reef 21-550,2026,0.4702460508184045
Reef 21-558,2006,0.3975464231834635
Reef 21-558,2008,0.3438649294842713
Reef 21-558,2012,0.2129227845461164
Reef 21-558,2014,0.3655606487573702
Reef 21-558,2016,0.3897085065859341
Reef 21-558,2018,0.5567616569625632
Reef 21-558,2022,0.4885073127293561
Reef 21-558,2023,0.36925742040330933
Reef 21-558,2024,0.39090706771087363
Reef 21-558,2025,0.2894259103817405
Reef 21-558,2026,0.35805341970996724
Reef 21-591,2006,0.31750644177611853
Reef 21-591,2008,0.4050903624263184
Reef 21-591,2010,0.23713931541680017
Reef 21-591,2012,0.3243844351027426
Reef 21-591,2014,0.21439926226908934
Reef 21-591,2020,0.17529793910227479
Reef 21-591,2022,0.20811628588499587
Reef 21-591,2023,0.2999412463690075
Reef 21-591,2024,0.3811221072106064
Reef 21-591,2025,0.3986468550555104
Reef 21-591,2026,0.3618916638412627
Reef 22-084,2006,0.09679893887467485
Reef 22-084,2008,0.16747979632518592
Reef 22-084,2010,0.08942513715015046
Reef 22-084,2012,0.13185907011679143
Reef 22-084,2014,0.216327298286316
Reef 22-084,2016,0.35839515068132244
Reef 22-084,2018,0.5215636431682587
Reef 22-084,2020,0.447032471378247
Reef 22-084,2022,0.12136848920372466
Reef 22-084,2024,0.15022670123802098
Reef 22-084,2025,0.10558523495026016
Reef 22-084,2026,0.1361337440013759
Rib Reef,2026,0.29779076993647574
Rib Reef,2025,0.2992499511853043
Rib Reef,2024,0.22899512751418422
Rib Reef,2023,0.2247628723182048
Rib Reef,2022,0.24055298381226528
Rib Reef,2021,0.1292569007277859
Rib Reef,2020,0.11451867355616456
Rib Reef,2019,0.14095029021510685
Rib Reef,2018,0.14794063026807497
Rib Reef,2017,0.2809208745703753
Rib Reef,2016,0.5000227218491428
Rib Reef,2015,0.4476262595788335
Rib Reef,2014,0.29255093980563024
Rib Reef,2013,0.20813469470645501
Rib Reef,2012,0.11591501379204955
Rib Reef,2011,0.11585852088973621
Rib Reef,2010,0.23282737940598844
Rib Reef,2009,0.1850609881547281
Rib Reef,2008,0.16012099306782251
Rib Reef,2007,0.11571155573383636
Rib Reef,2006,0.10537382142042144
Rib Reef,2005,0.12864726726913156
Rib Reef,2004,0.10381979467025021
Rib Reef,2003,0.09394099729575267
Rib Reef,2002,0.11695880343736874
Rib Reef,2001,0.10463577115659957
Rib Reef,2000,0.20444038059471034
Rib Reef,1999,0.26291703265530925
Rib Reef,1998,0.37936930847815387
Rib Reef,1997,0.34306383789162836
Rib Reef,1996,0.41931709220809926
Rib Reef,1995,0.42886099251268595
Rib Reef,1994,0.32256503042704604
Rib Reef,1990,0.11229976443309078
Rib Reef,1989,0.10917388948961737
Rib Reef,1988,0.08317713305728335
Rib Reef,1987,0.07602450588076251
Roxburgh Reef,2006,0.15584694316795347
Roxburgh Reef,2008,0.25378673700257826
Roxburgh Reef,2010,0.2670230794061059
Roxburgh Reef,2012,0.08757672020420426
Roxburgh Reef,2014,0.14836118255094888
Roxburgh Reef,2016,0.17268188369743293
Roxburgh Reef,2018,0.2647415871919767
Roxburgh Reef,2020,0.30602833462364165
Roxburgh Reef,2023,0.3191717960098633
Roxburgh Reef,2025,0.37714355196005844
Roxburgh Reef,2026,0.40575464597557187
Slate Reef,1986,0.3506028521733387
Slate Reef,1989,0.3441749190367842
Slate Reef,1993,0.5244451567739699
Slate Reef,1995,0.4261453286107365
Slate Reef,1996,0.45324567001198024
Slate Reef,1997,0.30741941165014547
Slate Reef,1998,0.3412131946284067
Slate Reef,1999,0.3207275880548073
Slate Reef,2000,0.3874900211652736
Slate Reef,2001,0.39888817200218885
Slate Reef,2002,0.39995304788342984
Slate Reef,2003,0.40430476339749644
Slate Reef,2004,0.46489429761142803
Slate Reef,2005,0.5014883482127719
Slate Reef,2007,0.4143782361873632
Slate Reef,2009,0.17488592095313701
Slate Reef,2013,0.10998520359373955
Slate Reef,2015,0.12844182294077475
Slate Reef,2017,0.2254517949418332
Slate Reef,2019,0.2848090431734312
Slate Reef,2021,0.44825045517103423
Slate Reef,2022,0.5955258284949029
Slate Reef,2023,0.6205899391215939
Slate Reef,2024,0.5283727538661274
Slate Reef,2025,0.5753820587308629
Slate Reef,2026,0.49823537565289455
Small Lagoon Reef,2006,0.084441869417868
Small Lagoon Reef,2008,0.09695492504956604
Small Lagoon Reef,2010,0.08996521058130556
Small Lagoon Reef,2012,0.12144771629785187
Small Lagoon Reef,2014,0.20620442800753455
Small Lagoon Reef,2016,0.2803916846170439
Small Lagoon Reef,2018,0.39996308492614335
Small Lagoon Reef,2020,0.23161532363633544
Small Lagoon Reef,2022,0.10306595179169323
Small Lagoon Reef,2026,0.09901715067216994
Snake Reef,1993,0.3107237114645283
Snake Reef,1994,0.22182103366554065
Snake Reef,1995,0.16205820472118979
Snake Reef,1996,0.17976726770686172
Snake Reef,1997,0.18536449917046982
Snake Reef,1998,0.23481863547227624
Snake Reef,1999,0.2473973046809424
Snake Reef,2000,0.1798059324393471
Snake Reef,2001,0.18744356360943365
Snake Reef,2002,0.23697002282748764
Snake Reef,2003,0.2768507040543818
Snake Reef,2004,0.17794793751354748
Snake Reef,2005,0.26424060596979887
Snake Reef,2006,0.2521009799768006
Snake Reef,2007,0.2706753394833329
Snake Reef,2009,0.2286563310420321
Snake Reef,2011,0.14523182932041132
Snake Reef,2013,0.15976208777394713
Snake Reef,2015,0.20963338583145616
Snake Reef,2017,0.32183051405063307
Snake Reef,2019,0.2760244260897609
Snake Reef,2021,0.29453808823879996
Snake Reef,2022,0.24733693854114455
Snake Reef,2024,0.29259672690024036
Snake Reef,2025,0.1928784110940812
Snake Reef,2026,0.21887766023277505
St. Crispin Reef,2026,0.23338841326065404
St. Crispin Reef,2025,0.16771019957082156
St. Crispin Reef,2024,0.2111230069541673
St. Crispin Reef,2023,0.14195199678228487
St. Crispin Reef,2021,0.20335646219373454
St. Crispin Reef,2019,0.10431906655605874
St. Crispin Reef,2018,0.09670108248494225
St. Crispin Reef,2017,0.1053276058597691
St. Crispin Reef,2016,0.19876583097361838
St. Crispin Reef,2015,0.1866025286648039
St. Crispin Reef,2014,0.15118070463695446
St. Crispin Reef,2013,0.1452690820117331
St. Crispin Reef,2012,0.1469828962801646
St. Crispin Reef,2011,0.16275099721516975
St. Crispin Reef,2010,0.16302259549499576
St. Crispin Reef,2009,0.14156786909062055
St. Crispin Reef,2008,0.1397802162219806
St. Crispin Reef,2007,0.14793624808827888
St. Crispin Reef,2006,0.14747266661767972
St. Crispin Reef,2005,0.12818780074675273
St. Crispin Reef,2004,0.13128306446665228
St. Crispin Reef,2003,0.13997337944914096
St. Crispin Reef,2002,0.13964934731603854
St. Crispin Reef,2001,0.19079649710612148
St. Crispin Reef,2000,0.2346811529227572
St. Crispin Reef,1999,0.16258069305368483
St. Crispin Reef,1998,0.16416721988588648
St. Crispin Reef,1997,0.18408446306320472
St. Crispin Reef,1996,0.17049581920276924
St. Crispin Reef,1993,0.1817703509815092
St. Crispin Reef,1991,0.16092310030836773
St. Crispin Reef,1990,0.20058676371973558
St. Crispin Reef,1989,0.1348200948517497
St. Crispin Reef,1986,0.22358732780315438
Startle Reef East,1991,0.19685389611824725
Startle Reef East,1995,0.219441376658635
Startle Reef East,1998,0.08352001998480707
Startle Reef East,2001,0.13562845092351547
Startle Reef East,2004,0.1038047324587025
Startle Reef East,2007,0.19086682200310578
Startle Reef East,2009,0.17237035286453803
Startle Reef East,2010,0.15009661713768374
Startle Reef East,2011,0.1868234496029855
Startle Reef East,2013,0.14227262151485573
Startle Reef East,2015,0.07212021204166044
Startle Reef East,2021,0.09255587126564084
Startle Reef East,2026,0.1851625928021919
Swinger Reef,1986,0.24299806402139645
Swinger Reef,1987,0.2124539355497161
Swinger Reef,1989,0.22370437895757733
Swinger Reef,1991,0.32564900108761
Swinger Reef,1995,0.18579905030279903
Swinger Reef,1998,0.1979031718876929
Swinger Reef,2001,0.1864579119752929
Swinger Reef,2004,0.17100567057737728
Swinger Reef,2007,0.24507189762344145
Swinger Reef,2009,0.28480221788574905
Swinger Reef,2010,0.22164075330824026
Swinger Reef,2015,0.12056539767487613
Swinger Reef,2021,0.2535152839724607
Swinger Reef,2023,0.3892571567033361
Swinger Reef,2024,0.40820195128924014
Swinger Reef,2025,0.2671131724639654
Swinger Reef,2026,0.2078208685425952
Taylor Reef,1989,0.11750704529502154
Taylor Reef,1991,0.2281617526350537
Taylor Reef,2000,0.13333851934695198
Taylor Reef,2006,0.09598388589412993
Taylor Reef,2008,0.0937688174246722
Taylor Reef,2010,0.15986307218777396
Taylor Reef,2012,0.12600149926704873
Taylor Reef,2016,0.3933584029170042
Taylor Reef,2017,0.2743450902341606
Taylor Reef,2018,0.1347013521273896
Taylor Reef,2020,0.12035223549866952
Taylor Reef,2022,0.17996714509959344
Taylor Reef,2023,0.1806247929779995
Taylor Reef,2024,0.16975443986695862
Taylor Reef,2025,0.17202593302540573
Taylor Reef,2026,0.2034527528534636
Tern Island,2006,0.3938867475308681
Tern Island,2008,0.46635382921323565
Tern Island,2010,0.2840905062922604
Tern Island,2012,0.1869612686310325
Tern Island,2014,0.1961787443558533
Tern Island,2018,0.23399512378577828
Tern Island,2020,0.2346020471469844
Tern Island,2022,0.3615177990537944
Tern Island,2023,0.29875240039789763
Tern Island,2024,0.2285998789866351
Tern Island,2025,0.13728327202815632
Tern Island,2026,0.12440487681664003
Thetford Reef,2026,0.2255607279043537
Thetford Reef,2025,0.2292292928593728
Thetford Reef,2024,0.2936422978975508
Thetford Reef,2023,0.2668191840772397
Thetford Reef,2022,0.30678082617633057
Thetford Reef,2021,0.15544828018375412
Thetford Reef,2020,0.14370115617089663
Thetford Reef,2019,0.10085330668760997
Thetford Reef,2018,0.1334826760873863
Thetford Reef,2017,0.18887910640959202
Thetford Reef,2016,0.1957572928225418
Thetford Reef,2015,0.19138177380955132
Thetford Reef,2013,0.18091485036588417
Thetford Reef,2012,0.12573160928723925
Thetford Reef,2010,0.20715679521395816
Thetford Reef,2009,0.15296455193823472
Thetford Reef,2008,0.13648631208841128
Thetford Reef,2007,0.14406179855925563
Thetford Reef,2006,0.12538188854594945
Thetford Reef,2005,0.07238898886119562
Thetford Reef,2004,0.08867107251565987
Thetford Reef,2003,0.08403215300996356
Thetford Reef,2002,0.104082289049112
Thetford Reef,2000,0.2365271736474159
Thetford Reef,1999,0.2724775008446316
Thetford Reef,1998,0.2763535666982843
Thetford Reef,1997,0.26779064134125924
Thetford Reef,1996,0.22259530297915928
Thetford Reef,1995,0.20100823791389877
Thetford Reef,1994,0.12060108266898249
Thetford Reef,1992,0.17406783722126565
Thetford Reef,1989,0.3305134552281686
Thetford Reef,1988,0.20168538428864946
Thetford Reef,1987,0.1747720218656957
Thetford Reef,1986,0.3603155566253691
Turner Cay,1994,0.2765109498093423
Turner Cay,1995,0.38840804154541714
Turner Cay,1996,0.3768445080536873
Turner Cay,1997,0.3888173171491334
Turner Cay,1998,0.40680013915078006
Turner Cay,1999,0.40115692752258775
Turner Cay,2000,0.47606067727756246
Turner Cay,2001,0.42792473620159655
Turner Cay,2002,0.15856186585759374
Turner Cay,2003,0.1263566516556035
Turner Cay,2004,0.09627138292987246
Turner Cay,2005,0.11325154946285036
Turner Cay,2006,0.08914503118556281
Turner Cay,2007,0.12471544035597944
Turner Cay,2008,0.1222991905089521
Turner Cay,2009,0.20409769820543622
Turner Cay,2011,0.15345866981958028
Turner Cay,2013,0.20873673992150119
Turner Cay,2015,0.34922045036690896
Turner Cay,2017,0.5323155335131405
Turner Cay,2019,0.09328532275333526
Turner Cay,2021,0.12889552687910752
Turner Cay,2022,0.1300142172350213
Turner Cay,2023,0.12249464552730564
Turner Cay,2024,0.21107972659363683
Turner Cay,2025,0.14408790809187155
Turner Cay,2026,0.1904805554556281
Wade Reef,2006,0.1140837294097034
Wade Reef,2008,0.15522177692382563
Wade Reef,2010,0.16001260179897736
Wade Reef,2012,0.21873238598468556
Wade Reef,2014,0.2758848716799462
Wade Reef,2016,0.4474137677226432
Wade Reef,2018,0.1133972560856435
Wade Reef,2020,0.08386790804796725
Wade Reef,2022,0.1149740370120767
Wade Reef,2023,0.13485268074016954
Wade Reef,2024,0.14176115400902228
Wade Reef,2025,0.14085122342426518
Wade Reef,2026,0.18823768501978197
Wreck Island,1993,0.274420154519384
Wreck Island,1996,0.2697716503318329
Wreck Island,1997,0.3056956599275981
Wreck Island,1998,0.3460916393552264
Wreck Island,1999,0.46688908973832
Wreck Island,2000,0.48540761788106956
Wreck Island,2001,0.46604252014853637
Wreck Island,2002,0.4368734408095497
Wreck Island,2003,0.39018843742320297
Wreck Island,2004,0.3533194373449537
Wreck Island,2005,0.2546824757819945
Wreck Island,2007,0.2825009303053723
Wreck Island,2009,0.23873999054454975
Wreck Island,2011,0.17530914848558515
Wreck Island,2013,0.1719107703195342
Wreck Island,2015,0.22781951212039672
Wreck Island,2017,0.5535200214216759
Wreck Island,2019,0.5285834205775662
Wreck Island,2021,0.7094174596789631
Wreck Island,2022,0.7215792260557157
Wreck Island,2023,0.5563329523106221
Wreck Island,2024,0.5779718209312692
Wreck Island,2025,0.3644747592147786
Wreck Island,2026,0.14374392023162125
Yonge Reef,1992,0.20138451640562488
Yonge Reef,1993,0.1803047544294108
Yonge Reef,1994,0.19394907481730259
Yonge Reef,1995,0.23142708052290617
Yonge Reef,1996,0.2131876229051783
Yonge Reef,1997,0.23766954401088997
Yonge Reef,1998,0.25911935673187825
Yonge Reef,1999,0.2810889253190551
Yonge Reef,2000,0.28334174396859085
Yonge Reef,2002,0.22265913117970318
Yonge Reef,2003,0.23325786953947963
Yonge Reef,2004,0.2210481779610601
Yonge Reef,2005,0.27762809634895186
Yonge Reef,2006,0.1967770671383032
Yonge Reef,2007,0.1905609778807719
Yonge Reef,2008,0.1892740023616076
Yonge Reef,2009,0.19325284991272487
Yonge Reef,2011,0.18030521742910763
Yonge Reef,2013,0.16861385195623863
Yonge Reef,2015,0.14550600606925013
Yonge Reef,2017,0.11681799188727428
Yonge Reef,2019,0.14410739252232552
Yonge Reef,2021,0.19245652172219946
Yonge Reef,2022,0.25278390049374433
Yonge Reef,2023,0.353085501987568
Yonge Reef,2024,0.28612813387905767
Yonge Reef,2025,0.25204535675655154
Yonge Reef,2026,0.27296806974481425
Opal Reef,1986,0.23458782404218956
Opal Reef,1990,0.19364817311122576
Opal Reef,1992,0.23110923601955893
Opal Reef,1995,0.21778462586271755
Opal Reef,1996,0.17515369467833913
Opal Reef,1997,0.28876131125599735
Opal Reef,1998,0.18291685636137775
Opal Reef,1999,0.2307667927090907
Opal Reef,2000,0.25159489884041275
Opal Reef,2001,0.1480725721696389
Opal Reef,2002,0.1679196120809974
Opal Reef,2003,0.11233734996923472
Opal Reef,2004,0.14377789081547582
Opal Reef,2005,0.12926271987717353
Opal Reef,2006,0.1738257577982549
Opal Reef,2007,0.19868898835627866
Opal Reef,2009,0.17825998195320122
Opal Reef,2011,0.21288017536616813
Opal Reef,2013,0.1825053838832091
Opal Reef,2015,0.20790839268446168
Opal Reef,2017,0.15964149772077446
Opal Reef,2019,0.08860051789294142
Opal Reef,2024,0.2464999813489057
Low Isles,1986,0.27157921258303025
Low Isles,1987,0.19620117455178326
Low Isles,1988,0.33304127626073865
Low Isles,1989,0.2918800465535472
Low Isles,1990,0.402724559416333
Low Isles,1993,0.27043696549411905
Low Isles,1996,0.29937293978929697
Low Isles,1997,0.2940959065932638
Low Isles,1998,0.35118060803347645
Low Isles,1999,0.248324098494048
Low Isles,2000,0.1593411150723899
Low Isles,2002,0.14556628596927562
Low Isles,2004,0.20855125298679172
Low Isles,2006,0.23550121673663857
Low Isles,2007,0.26690635519944483
Low Isles,2008,0.27288919278342194
Low Isles,2010,0.3773555608948413
Low Isles,2017,0.46329092154361645
Low Isles,2019,0.27289103835726614
Low Isles,2020,0.18976008260113517
Low Isles,2021,0.2488026834997145
Low Isles,2022,0.3863501021274056
Low Isles,2023,0.3958790961169379
Low Isles,2024,0.5109601717621385
Low Isles,2025,0.2959836154558598
Low Isles,2026,0.2942468727854687
McCulloch Reef,2006,0.0736689843507786
McCulloch Reef,2008,0.09513115979654574
McCulloch Reef,2010,0.09524605873254562
McCulloch Reef,2012,0.07606907017419713
McCulloch Reef,2016,0.10291194961113682
McCulloch Reef,2018,0.055496536648314505
Feather Reef,1986,0.08370344317290526
Feather Reef,1987,0.06021418799011081
Feather Reef,1988,0.0775155079557525
Feather Reef,1990,0.16688167028116718
Feather Reef,1994,0.2432099831285937
Feather Reef,1995,0.2330917935014631
Feather Reef,1996,0.21386734047467632
Feather Reef,1997,0.15469332139740916
Feather Reef,1998,0.1740611644931252
Feather Reef,1999,0.14761649736092786
Feather Reef,2000,0.10212070482235068
Feather Reef,2001,0.07946639694699095
Feather Reef,2002,0.08848293427520605
Feather Reef,2003,0.07773468806652523
Feather Reef,2004,0.11530566307572558
Feather Reef,2005,0.11604764707791931
Feather Reef,2006,0.1259584218653254
Feather Reef,2007,0.0869308297281051
Feather Reef,2008,0.10156924033990693
Feather Reef,2009,0.129110324309799
Feather Reef,2012,0.12275293973961965
Feather Reef,2014,0.14702630646214035
Feather Reef,2015,0.193543134440782
Feather Reef,2016,0.21415195327328734
Feather Reef,2017,0.22037787483835866
Feather Reef,2018,0.10863509600695623
Feather Reef,2019,0.10061854965440054
Feather Reef,2020,0.10685588828443332
Feather Reef,2021,0.15906448779938467
Feather Reef,2022,0.15407557865411597
Feather Reef,2023,0.22369892313612594
Feather Reef,2024,0.19541756627492504
Feather Reef,2025,0.20291349035607428
Feather Reef,2026,0.23072631805089897
Kelso Reef,1986,0.11167418263135401
Kelso Reef,1989,0.08002934170977365
Kelso Reef,1990,0.11846403384354699
Kelso Reef,2002,0.1321856271680858
Kelso Reef,2003,0.10094368544118755
Kelso Reef,2008,0.10925589049632758
Kelso Reef,2010,0.13258070375593714
Kelso Reef,2014,0.13250082950484407
Kelso Reef,2016,0.21437058915505908
Kelso Reef,2018,0.1875441851673424
Kelso Reef,2020,0.26297354743228823
Kelso Reef,2021,0.22685969988161803
Kelso Reef,2022,0.39707488195054735
Kelso Reef,2023,0.34537352446126995
Kelso Reef,2024,0.27685719531020875
Kelso Reef,2025,0.29197369956442143
Kelso Reef,2026,0.20332243125579258
Fore and Aft Reef,1986,0.062394634508450196
Fore and Aft Reef,1987,0.0879358701496899
Fore and Aft Reef,1988,0.07508905873212243
Fore and Aft Reef,1990,0.1032818359828968
Fore and Aft Reef,2002,0.16147491473847514
Fore and Aft Reef,2003,0.08046484967560241
Fore and Aft Reef,2006,0.05081241084173975
Fore and Aft Reef,2008,0.061118724409604294
Fore and Aft Reef,2012,0.06072884434911593
Fore and Aft Reef,2014,0.09324268847044674
Fore and Aft Reef,2016,0.230351186630944
Fore and Aft Reef,2018,0.22373263263568263
Fore and Aft Reef,2025,0.21737072012630151
Centipede Reef,1986,0.21114224477479293
Centipede Reef,1988,0.19098812123475717
Centipede Reef,1989,0.15898024716811204
Centipede Reef,1991,0.14931883024557993
Centipede Reef,1992,0.16895615535472858
Centipede Reef,2002,0.1660313943296562
Centipede Reef,2003,0.13952421332746684
Centipede Reef,2006,0.08095044364836115
Centipede Reef,2008,0.08320650397774987
Centipede Reef,2010,0.07785694469478678
Centipede Reef,2016,0.14741061298464986
Centipede Reef,2018,0.12181068574877979
Centipede Reef,2020,0.1443207522336817
Centipede Reef,2025,0.16993564399489444
Reef 21-302,2006,0.3785882516863719
Reef 21-302,2008,0.3361666773835032
Reef 21-302,2010,0.35385199568579945
Reef 21-302,2012,0.27018079980571935
Reef 21-302,2014,0.31909803958292116
Reef 21-302,2016,0.33681517588151016
Reef 21-302,2018,0.5143385579236023
Reef 21-302,2025,0.3606377131680257
Reef 21-302,2026,0.36723128237038644
Masthead Island,1992,0.32137971299976176
Masthead Island,2006,0.23211971797680087
Masthead Island,2008,0.13930405653162276
Masthead Island,2010,0.13588235226795542
Masthead Island,2012,0.1783075336598857
Masthead Island,2014,0.17357686291557659
Masthead Island,2020,0.3687693833880568
Masthead Island,2021,0.2965709665356687
Masthead Island,2022,0.3550158388635014
Masthead Island,2023,0.34186870500199484
Masthead Island,2024,0.38230377464643
Masthead Island,2025,0.2778403788580296
Masthead Island,2026,0.1971860952166001
Hastings Reef,2026,0.2411116108468926
Hastings Reef,2025,0.1522618153642507
Hastings Reef,2024,0.2670651038292346
Hastings Reef,2023,0.2529121824017429
Hastings Reef,2022,0.17266161709660302
Hastings Reef,2021,0.1574705825238902
Hastings Reef,2020,0.06603606031847174
Hastings Reef,2019,0.07366556676151712
Hastings Reef,2018,0.09817585952212826
Hastings Reef,2017,0.17606373798206063
Hastings Reef,2016,0.2163744694726463
Hastings Reef,2015,0.1882772458087667
Hastings Reef,2014,0.16943726654918867
Hastings Reef,2013,0.13747012187324015
Hastings Reef,2012,0.15992356826454765
Hastings Reef,2010,0.14823781400037986
Hastings Reef,2008,0.12637272754189105
Hastings Reef,2007,0.1409317150223184
Hastings Reef,2006,0.11557877851647286
Hastings Reef,2005,0.0956676345980894
Hastings Reef,2004,0.11646574087787039
Hastings Reef,2003,0.10835500935529993
Hastings Reef,2002,0.1276435138457918
Hastings Reef,2001,0.1512609257291308
Hastings Reef,2000,0.1779177415194338
Hastings Reef,1999,0.13299864795673158
Hastings Reef,1998,0.112850768451509
Hastings Reef,1997,0.15657216848777591
Hastings Reef,1996,0.13713552942525797
Hastings Reef,1995,0.17751271346110795
Hastings Reef,1994,0.14161464934088905
Hastings Reef,1993,0.12545742483782668
Hastings Reef,1992,0.11783884697402862
Hastings Reef,1990,0.1908601869906374
Hastings Reef,1989,0.1284492456765374
Hastings Reef,1986,0.1918115001591866
Boulder Reef,1986,0.1835802050107933
Boulder Reef,1987,0.19818426868881323
Boulder Reef,1988,0.3028174117393226
Boulder Reef,1990,0.3015160976168748
Boulder Reef,1991,0.24992220967682857
Boulder Reef,1993,0.2539611673247296
Boulder Reef,1994,0.2678072491142854
Boulder Reef,1995,0.23629883296235724
Boulder Reef,1996,0.2326521073362132
Boulder Reef,1997,0.29513497826311186
Boulder Reef,1998,0.1834932766500657
Boulder Reef,1999,0.24397327922316747
Boulder Reef,2000,0.21843697461765907
Boulder Reef,2001,0.274244595924508
Boulder Reef,2002,0.28996096840922503
Boulder Reef,2003,0.25774370675158154
Boulder Reef,2004,0.20113764773989867
Boulder Reef,2005,0.24609434074069964
Boulder Reef,2006,0.23445883645894924
Boulder Reef,2007,0.31132869339485697
Boulder Reef,2009,0.2927453017141487
Boulder Reef,2010,0.31487080605397666
Boulder Reef,2011,0.24442950789322476
Boulder Reef,2013,0.2774511726832265
Boulder Reef,2021,0.2595564494686245
Boulder Reef,2023,0.31919438160252805
Boulder Reef,2025,0.20777025772399324
Reef 15-034,1991,0.19870153259222598
Reef 15-034,1996,0.26697539467955916
Reef 15-034,1999,0.3589256745122386
Reef 15-034,2002,0.24853734648819928
Reef 15-034,2005,0.25489610228389564
Reef 15-034,2010,0.23465617684541837
Reef 15-034,2013,0.23160604734185664
Reef 15-034,2017,0.1563499524740523
Reef 15-034,2021,0.33634462202688714
Reef 15-034,2026,0.33059021650585146
Reef 15-077,1991,0.22447508629967092
Reef 15-077,1995,0.27815473044338174
Reef 15-077,1998,0.1709539709568782
Reef 15-077,2001,0.19726219960216776
Reef 15-077,2004,0.10891240925892003
Reef 15-077,2007,0.10430196121188665
Reef 15-077,2009,0.13833213563369803
Reef 15-077,2010,0.17542780559635857
Reef 15-077,2013,0.141540859345913
Reef 15-077,2015,0.14962609456140402
Reef 15-077,2021,0.22464965479570856
Wardle Reef,1986,0.1060453429779754
Wardle Reef,1992,0.1416434402589855
Wardle Reef,1994,0.14033413354707028
Wardle Reef,1995,0.2439514876837307
Wardle Reef,1996,0.22540987273590513
Wardle Reef,1997,0.2543814709240404
Wardle Reef,1998,0.19949017392959995
Wardle Reef,1999,0.1319733567005169
Wardle Reef,2000,0.1341283339111099
Wardle Reef,2002,0.19718924620651743
Wardle Reef,2003,0.09631199853425287
Wardle Reef,2005,0.17979903791177693
Wardle Reef,2006,0.129588447434205
Wardle Reef,2007,0.0687673666868593
Wardle Reef,2008,0.08816109748756926
Wardle Reef,2009,0.08493068775954295
Wardle Reef,2015,0.15612613805774123
Wardle Reef,2016,0.17058292701904515
Wardle Reef,2017,0.11495215368522042
Wardle Reef,2024,0.21570620410184413
Reef 21-278,2006,0.24399309266806388
Reef 21-278,2008,0.2102558663743005
Reef 21-278,2010,0.1956193510060829
Reef 21-278,2012,0.1661050118279144
Reef 21-278,2014,0.24318970582911714
Reef 21-278,2016,0.30316379738862903
Reef 21-278,2020,0.32152860328789096
Reef 21-278,2026,0.4397905271512351
